G90;
G21;
G10 L20 P1 X0 Y0;
G54;
F5000;
G4 P0;
M40 S30;
G4 P0.12;
G1 X-340.500 Y-5.500 F5000;
G4 P0;
M40 S30;
G4 P0.12;
G0 F5000 X-330.937 Y6.610;
G4 P0;
M40 S0;
G4 P0.12;
G1 X-330.018 Y6.610 F5000;
G4 P0;
M40 S30;
G4 P0.12;
G0 X-325.595 Y9.578;
G4 P0;
M40 S0;
G4 P0.12;
G1 X-310.691 Y9.578 F5000;
G4 P0;
M40 S30;
G4 P0.12;
G0 X-312.540 Y8.093;
G4 P0;
M40 S0;
G4 P0.12;
G1 X-321.762 Y17.314 F5000;
G4 P0;
M40 S30;
G4 P0.12;
G0 X-317.315 Y20.729;
G4 P0;
M40 S0;
G4 P0.12;
G1 X-294.130 Y20.729 F5000;
G4 P0;
M40 S30;
G4 P0.12;
G0 X-297.595 Y17.115;
G4 P0;
M40 S0;
G4 P0.12;
G1 X-297.595 Y35.220 F5000;
G4 P0;
M40 S30;
G4 P0.12;
G0 X-297.238 Y35.640;
G4 P0;
M40 S0;
G4 P0.12;
G1 X-295.529 Y35.640 F5000;
G4 P0;
M40 S30;
G4 P0.12;
G0 X-298.028 Y36.130;
G4 P0;
M40 S0;
G4 P0.12;
G1 X-312.783 Y50.885 F5000;
G4 P0;
M40 S30;
G4 P0.12;
G0 X-313.327 Y46.400;
G4 P0;
M40 S0;
G4 P0.12;
G1 X-314.489 Y46.400 F5000;
G4 P0;
M40 S30;
G4 P0.12;
G0 X-313.685 Y46.339;
G4 P0;
M40 S0;
G4 P0.12;
G1 X-313.685 Y45.177 F5000;
G4 P0;
M40 S30;
G4 P0.12;
G0 X-306.185 Y38.842;
G4 P0;
M40 S0;
G4 P0.12;
G1 X-294.855 Y38.842 F5000;
G4 P0;
M40 S30;
G4 P0.12;
G0 X-296.197 Y42.880;
G4 P0;
M40 S0;
G4 P0.12;
G1 X-309.107 Y55.790 F5000;
G4 P0;
M40 S30;
G4 P0.12;
G0 X-305.723 Y55.706;
G4 P0;
M40 S0;
G4 P0.12;
G1 X-340.500 Y55.706 F5000;
G4 P0;
M40 S30;
G4 P0.12;
G0 X-331.850 Y67.851;
G4 P0;
M40 S0;
G4 P0.12;
G1 X-331.850 Y73.587 F5000;
G4 P0;
M40 S30;
G4 P0.12;
G0 X-328.822 Y84.028;
G4 P0;
M40 S0;
G4 P0.12;
G1 X-329.255 Y84.460 F5000;
G4 P0;
M40 S30;
G4 P0.12;
G0 X-324.103 Y90.980;
G4 P0;
M40 S0;
G4 P0.12;
G1 X-310.022 Y76.899 F5000;
G4 P0;
M40 S30;
G4 P0.12;
G0 X-312.198 Y81.232;
G4 P0;
M40 S0;
G4 P0.12;
G1 X-294.275 Y81.232 F5000;
G4 P0;
M40 S30;
G4 P0.12;
G0 X-288.757 Y82.188;
G4 P0;
M40 S0;
G4 P0.12;
G1 X-288.757 Y100.111 F5000;
G4 P0;
M40 S30;
G4 P0.12;
G0 X-290.837 Y88.785;
G4 P0;
M40 S0;
G4 P0.12;
G1 X-291.999 Y88.785 F5000;
G4 P0;
M40 S30;
G4 P0.12;
G0 X-291.195 Y88.724;
G4 P0;
M40 S0;
G4 P0.12;
G1 X-291.195 Y87.562 F5000;
G4 P0;
M40 S30;
G4 P0.12;
G0 X-295.982 Y89.184;
G4 P0;
M40 S0;
G4 P0.12;
G1 X-308.570 Y89.184 F5000;
G4 P0;
M40 S30;
G4 P0.12;
G0 X-304.437 Y88.713;
G4 P0;
M40 S0;
G4 P0.12;
G1 X-304.437 Y87.219 F5000;
G4 P0;
M40 S30;
G4 P0.12;
G0 X-307.896 Y68.482;
G4 P0;
M40 S0;
G4 P0.12;
G1 X-314.417 Y68.482 F5000;
G4 P0;
M40 S30;
G4 P0.12;
G0 X-317.895 Y64.578;
G4 P0;
M40 S0;
G4 P0.12;
G1 X-319.956 Y66.639 F5000;
G4 P0;
M40 S30;
G4 P0.12;
G0 X-320.336 Y72.350;
G4 P0;
M40 S0;
G4 P0.12;
G1 X-318.430 Y72.350 F5000;
G1 X-318.307 Y28.878 F5000;
G4 P0;
M40 S30;
G4 P0.12;
G0 X-322.111 Y25.816;
G4 P0;
M40 S0;
G4 P0.12;
G1 X-283.117 Y25.816 F5000;
G4 P0;
M40 S30;
G4 P0.12;
G0 X-282.044 Y20.146;
G4 P0;
M40 S0;
G4 P0.12;
G1 X-297.595 Y35.680 F5000;
G1 X-297.595 Y47.801 F5000;
G4 P0;
M40 S30;
G4 P0.12;
G0 X-284.922 Y46.267;
G4 P0;
M40 S0;
G4 P0.12;
G1 X-284.922 Y20.184 F5000;
G4 P0;
M40 S30;
G4 P0.12;
G0 X-277.355 Y16.125;
G4 P0;
M40 S0;
G4 P0.12;
G1 X-276.923 Y15.692 F5000;
G4 P0;
M40 S30;
G4 P0.12;
G0 X-275.129 Y32.071;
G4 P0;
M40 S0;
G4 P0.12;
G1 X-265.511 Y32.071 F5000;
G4 P0;
M40 S30;
G4 P0.12;
G0 X-262.469 Y33.685;
G4 P0;
M40 S0;
G4 P0.12;
G1 X-254.161 Y33.685 F5000;
G1 X-253.166 Y33.093 F5000;
G4 P0;
M40 S30;
G4 P0.12;
G0 X-254.223 Y34.150;
G4 P0;
M40 S0;
G4 P0.12;
G1 X-274.314 Y54.242 F5000;
G4 P0;
M40 S30;
G4 P0.12;
G0 X-265.114 Y54.613;
G4 P0;
M40 S0;
G4 P0.12;
G1 X-260.448 Y54.613 F5000;
G4 P0;
M40 S30;
G4 P0.12;
G0 X-254.161 Y43.384;
G4 P0;
M40 S0;
G4 P0.12;
G1 X-268.866 Y43.384 F5000;
G4 P0;
M40 S30;
G4 P0.12;
G0 X-268.547 Y35.640;
G4 P0;
M40 S0;
G4 P0.12;
G1 X-272.055 Y35.640 F5000;
G4 P0;
M40 S30;
G4 P0.12;
G0 X-272.402 Y36.323;
G4 P0;
M40 S0;
G4 P0.12;
G1 X-272.402 Y33.225 F5000;
G4 P0;
M40 S30;
G4 P0.12;
G0 X-275.292 Y38.842;
G4 P0;
M40 S0;
G4 P0.12;
G1 X-276.841 Y38.842 F5000;
G4 P0;
M40 S30;
G4 P0.12;
G0 X-260.055 Y25.538;
G4 P0;
M40 S0;
G4 P0.12;
G1 X-260.055 Y26.505 F5000;
G1 X-259.371 Y25.821 F5000;
G4 P0;
M40 S30;
G4 P0.12;
G0 X-255.105 Y25.640;
G4 P0;
M40 S0;
G4 P0.12;
G1 X-255.105 Y17.110 F5000;
G4 P0;
M40 S30;
G4 P0.12;
G0 X-251.405 Y17.110;
G4 P0;
M40 S0;
G4 P0.12;
G1 X-251.405 Y19.136 F5000;
G4 P0;
M40 S30;
G4 P0.12;
G0 X-244.330 Y19.689;
G4 P0;
M40 S0;
G4 P0.12;
G1 X-244.330 Y2.492 F5000;
G4 P0;
M40 S30;
G4 P0.12;
G0 X-246.529 Y3.552;
G4 P0;
M40 S0;
G4 P0.12;
G1 X-249.005 Y6.027 F5000;
G4 P0;
M40 S30;
G4 P0.12;
G0 X-241.077 Y10.183;
G4 P0;
M40 S0;
G4 P0.12;
G1 X-223.880 Y10.183 F5000;
G4 P0;
M40 S30;
G4 P0.12;
G0 X-222.303 Y20.482;
G4 P0;
M40 S0;
G4 P0.12;
G1 X-233.065 Y31.243 F5000;
G4 P0;
M40 S30;
G4 P0.12;
G0 X-236.476 Y32.371;
G4 P0;
M40 S0;
G4 P0.12;
G1 X-236.476 Y2.492 F5000;
G4 P0;
M40 S30;
G4 P0.12;
G0 X-235.951 Y14.130;
G4 P0;
M40 S0;
G4 P0.12;
G1 X-242.031 Y20.210 F5000;
G4 P0;
M40 S30;
G4 P0.12;
G0 X-241.077 Y23.191;
G4 P0;
M40 S0;
G4 P0.12;
G1 X-223.880 Y23.191 F5000;
G4 P0;
M40 S30;
G4 P0.12;
G0 X-224.056 Y30.584;
G4 P0;
M40 S0;
G4 P0.12;
G1 X-226.222 Y32.750 F5000;
G4 P0;
M40 S30;
G4 P0.12;
G0 X-216.636 Y34.678;
G4 P0;
M40 S0;
G4 P0.12;
G1 X-210.413 Y28.455 F5000;
G4 P0;
M40 S30;
G4 P0.12;
G0 X-205.560 Y22.913;
G4 P0;
M40 S0;
G4 P0.12;
G1 X-205.560 Y20.414 F5000;
G4 P0;
M40 S30;
G4 P0.12;
G0 X-202.039 Y10.070;
G4 P0;
M40 S0;
G4 P0.12;
G1 X-200.877 Y10.070 F5000;
G4 P0;
M40 S30;
G4 P0.12;
G0 X-201.235 Y10.009;
G4 P0;
M40 S0;
G4 P0.12;
G1 X-201.235 Y8.847 F5000;
G4 P0;
M40 S30;
G4 P0.12;
G0 X-196.802 Y3.150;
G4 P0;
M40 S0;
G4 P0.12;
G1 X-194.748 Y3.150 F5000;
G4 P0;
M40 S30;
G4 P0.12;
G0 X-193.441 Y14.219;
G4 P0;
M40 S0;
G4 P0.12;
G1 X-191.084 Y14.219 F5000;
G4 P0;
M40 S30;
G4 P0.12;
G0 X-190.464 Y17.390;
G4 P0;
M40 S0;
G4 P0.12;
G1 X-192.231 Y17.390 F5000;
G4 P0;
M40 S30;
G4 P0.12;
G0 X-182.186 Y10.442;
G4 P0;
M40 S0;
G4 P0.12;
G1 X-182.186 Y7.647 F5000;
G4 P0;
M40 S30;
G4 P0.12;
G0 X-172.426 Y-3.440;
G4 P0;
M40 S0;
G4 P0.12;
G1 X-169.056 Y-3.440 F5000;
G4 P0;
M40 S30;
G4 P0.12;
G0 X-156.998 Y-4.060;
G4 P0;
M40 S0;
G4 P0.12;
G1 X-152.227 Y-4.060 F5000;
G4 P0;
M40 S30;
G4 P0.12;
G0 X-141.469 Y11.547;
G4 P0;
M40 S0;
G4 P0.12;
G1 X-138.101 Y11.547 F5000;
G4 P0;
M40 S30;
G4 P0.12;
G0 X-136.600 Y18.257;
G4 P0;
M40 S0;
G4 P0.12;
G1 X-139.086 Y20.744 F5000;
G4 P0;
M40 S30;
G4 P0.12;
G0 X-138.532 Y21.952;
G4 P0;
M40 S0;
G4 P0.12;
G1 X-132.055 Y21.952 F5000;
G4 P0;
M40 S30;
G4 P0.12;
G0 X-131.027 Y23.065;
G4 P0;
M40 S0;
G4 P0.12;
G1 X-131.027 Y33.753 F5000;
G4 P0;
M40 S30;
G4 P0.12;
G0 X-131.452 Y31.257;
G4 P0;
M40 S0;
G4 P0.12;
G1 X-126.872 Y26.676 F5000;
G4 P0;
M40 S30;
G4 P0.12;
G0 X-117.878 Y26.280;
G4 P0;
M40 S0;
G4 P0.12;
G1 X-115.703 Y24.104 F5000;
G4 P0;
M40 S30;
G4 P0.12;
G0 X-119.474 Y14.395;
G4 P0;
M40 S0;
G4 P0.12;
G1 X-123.178 Y14.395 F5000;
G4 P0;
M40 S30;
G4 P0.12;
G0 X-122.422 Y14.298;
G4 P0;
M40 S0;
G4 P0.12;
G1 X-122.422 Y10.496 F5000;
G4 P0;
M40 S30;
G4 P0.12;
G0 X-93.980 Y6.118;
G4 P0;
M40 S0;
G4 P0.12;
G1 X-90.868 Y3.007 F5000;
G4 P0;
M40 S30;
G4 P0.12;
G0 X-91.074 Y14.462;
G4 P0;
M40 S0;
G4 P0.12;
G1 X-75.715 Y14.462 F5000;
G4 P0;
M40 S30;
G4 P0.12;
G0 X-72.350 Y6.610;
G4 P0;
M40 S0;
G4 P0.12;
G1 X-71.918 Y6.178 F5000;
G4 P0;
M40 S30;
G4 P0.12;
G0 X-55.976 Y5.422;
G4 P0;
M40 S0;
G4 P0.12;
G1 X-55.976 Y8.041 F5000;
G4 P0;
M40 S30;
G4 P0.12;
G0 X-53.104 Y10.935;
G4 P0;
M40 S0;
G4 P0.12;
G1 X-42.078 Y10.935 F5000;
G4 P0;
M40 S30;
G4 P0.12;
G0 X-37.707 Y10.027;
G4 P0;
M40 S0;
G4 P0.12;
G1 X-36.885 Y9.205 F5000;
G4 P0;
M40 S30;
G4 P0.12;
G0 X-31.695 Y9.948;
G4 P0;
M40 S0;
G4 P0.12;
G1 X-31.695 Y7.623 F5000;
G4 P0;
M40 S30;
G4 P0.12;
G0 X-35.155 Y2.285;
G4 P0;
M40 S0;
G4 P0.12;
G1 X-34.723 Y1.853 F5000;
G4 P0;
M40 S30;
G4 P0.12;
G0 X-35.877 Y-1.306;
G4 P0;
M40 S0;
G4 P0.12;
G1 X-35.877 Y-3.788 F5000;
G4 P0;
M40 S30;
G4 P0.12;
G0 X-45.753 Y3.769;
G4 P0;
M40 S0;
G4 P0.12;
G1 X-50.991 Y3.769 F5000;
G4 P0;
M40 S30;
G4 P0.12;
G0 X-49.178 Y7.076;
G4 P0;
M40 S0;
G4 P0.12;
G1 X-49.178 Y-3.767 F5000;
G4 P0;
M40 S30;
G4 P0.12;
G0 X-53.396 Y15.623;
G4 P0;
M40 S0;
G4 P0.12;
G1 X-56.784 Y19.011 F5000;
G4 P0;
M40 S30;
G4 P0.12;
G0 X-51.343 Y31.171;
G4 P0;
M40 S0;
G4 P0.12;
G1 X-47.224 Y31.171 F5000;
G4 P0;
M40 S30;
G4 P0.12;
G0 X-45.771 Y35.177;
G4 P0;
M40 S0;
G4 P0.12;
G1 X-51.901 Y41.308 F5000;
G4 P0;
M40 S30;
G4 P0.12;
G0 X-53.900 Y41.270;
G4 P0;
M40 S0;
G4 P0.12;
G1 X-48.958 Y41.270 F5000;
G4 P0;
M40 S30;
G4 P0.12;
G0 X-44.448 Y43.506;
G4 P0;
M40 S0;
G4 P0.12;
G1 X-52.200 Y51.257 F5000;
G4 P0;
M40 S30;
G4 P0.12;
G0 X-59.103 Y50.927;
G4 P0;
M40 S0;
G4 P0.12;
G1 X-43.756 Y50.927 F5000;
G4 P0;
M40 S30;
G4 P0.12;
G0 X-36.163 Y47.092;
G4 P0;
M40 S0;
G4 P0.12;
G1 X-36.163 Y42.020 F5000;
G4 P0;
M40 S30;
G4 P0.12;
G0 X-26.985 Y49.252;
G4 P0;
M40 S0;
G4 P0.12;
G1 X-26.985 Y56.374 F5000;
G4 P0;
M40 S30;
G4 P0.12;
G0 X-26.762 Y61.869;
G4 P0;
M40 S0;
G4 P0.12;
G1 X-30.929 Y61.869 F5000;
G4 P0;
M40 S30;
G4 P0.12;
G0 X-23.794 Y64.736;
G4 P0;
M40 S0;
G4 P0.12;
G1 X-18.758 Y59.700 F5000;
G4 P0;
M40 S30;
G4 P0.12;
G0 X-15.199 Y52.455;
G4 P0;
M40 S0;
G4 P0.12;
G1 X-14.037 Y52.455 F5000;
G4 P0;
M40 S30;
G4 P0.12;
G0 X-14.395 Y52.394;
G4 P0;
M40 S0;
G4 P0.12;
G1 X-14.395 Y51.232 F5000;
G4 P0;
M40 S30;
G4 P0.12;
G0 X-7.475 Y58.410;
G4 P0;
M40 S0;
G4 P0.12;
G1 X-7.475 Y64.257 F5000;
G4 P0;
M40 S30;
G4 P0.12;
G0 X-4.383 Y65.289;
G4 P0;
M40 S0;
G4 P0.12;
G1 X-4.383 Y90.047 F5000;
G4 P0;
M40 S30;
G4 P0.12;
G0 X-3.828 Y90.059;
G4 P0;
M40 S0;
G4 P0.12;
G1 X-17.593 Y90.059 F5000;
G4 P0;
M40 S30;
G4 P0.12;
G0 X-16.747 Y86.234;
G4 P0;
M40 S0;
G4 P0.12;
G1 X-3.468 Y86.234 F5000;
G4 P0;
M40 S30;
G4 P0.12;
G0 X-9.216 Y81.046;
G4 P0;
M40 S0;
G4 P0.12;
G1 X-22.909 Y94.738 F5000;
G4 P0;
M40 S30;
G4 P0.12;
G0 X-18.380 Y97.286;
G4 P0;
M40 S0;
G4 P0.12;
G1 X3.734 Y75.172 F5000;
G4 P0;
M40 S30;
G4 P0.12;
G0 X5.395 Y77.660;
G4 P0;
M40 S0;
G4 P0.12;
G1 X0.753 Y77.660 F5000;
G4 P0;
M40 S30;
G4 P0.12;
G0 X4.635 Y78.246;
G4 P0;
M40 S0;
G4 P0.12;
G1 X4.635 Y43.831 F5000;
G4 P0;
M40 S30;
G4 P0.12;
G0 X2.963 Y42.818;
G4 P0;
M40 S0;
G4 P0.12;
G1 X-0.397 Y42.818 F5000;
G4 P0;
M40 S30;
G4 P0.12;
G0 X0.030 Y43.097;
G4 P0;
M40 S0;
G4 P0.12;
G1 X3.443 Y39.683 F5000;
G4 P0;
M40 S30;
G4 P0.12;
G0 X2.419 Y35.865;
G4 P0;
M40 S0;
G4 P0.12;
G1 X-1.200 Y35.865 F5000;
G4 P0;
M40 S30;
G4 P0.12;
G0 X0.134 Y28.576;
G4 P0;
M40 S0;
G4 P0.12;
G1 X-14.474 Y28.576 F5000;
G4 P0;
M40 S30;
G4 P0.12;
G0 X-25.975 Y18.838;
G4 P0;
M40 S0;
G4 P0.12;
G1 X-34.753 Y18.838 F5000;
G4 P0;
M40 S30;
G4 P0.12;
G0 X-32.147 Y19.654;
G4 P0;
M40 S0;
G4 P0.12;
G1 X-24.561 Y12.068 F5000;
G4 P0;
M40 S30;
G4 P0.12;
G0 X-5.745 Y16.023;
G4 P0;
M40 S0;
G4 P0.12;
G1 X-5.745 Y16.990 F5000;
G1 X-5.061 Y16.306 F5000;
G4 P0;
M40 S30;
G4 P0.12;
G0 X4.635 Y-2.905;
G4 P0;
M40 S0;
G4 P0.12;
G1 X5.067 Y-3.337 F5000;
G4 P0;
M40 S30;
G4 P0.12;
G0 X3.847 Y48.948;
G4 P0;
M40 S0;
G4 P0.12;
G1 X0.907 Y48.948 F5000;
G4 P0;
M40 S30;
G4 P0.12;
G0 X-0.462 Y67.291;
G4 P0;
M40 S0;
G4 P0.12;
G1 X-14.467 Y81.296 F5000;
G4 P0;
M40 S30;
G4 P0.12;
G0 X-15.182 Y68.890;
G4 P0;
M40 S0;
G4 P0.12;
G1 X-13.701 Y68.890 F5000;
G4 P0;
M40 S30;
G4 P0.12;
G0 X-14.395 Y68.812;
G4 P0;
M40 S0;
G4 P0.12;
G1 X-14.395 Y67.331 F5000;
G4 P0;
M40 S30;
G4 P0.12;
G0 X-9.144 Y69.755;
G4 P0;
M40 S0;
G4 P0.12;
G1 X-7.982 Y69.755 F5000;
G4 P0;
M40 S30;
G4 P0.12;
G0 X-8.340 Y69.694;
G4 P0;
M40 S0;
G4 P0.12;
G1 X-8.340 Y68.532 F5000;
G4 P0;
M40 S30;
G4 P0.12;
G0 X-0.400 Y72.230;
G4 P0;
M40 S0;
G4 P0.12;
G1 X3.289 Y68.541 F5000;
G4 P0;
M40 S30;
G4 P0.12;
G0 X-20.910 Y67.620;
G4 P0;
M40 S0;
G4 P0.12;
G1 X-22.346 Y69.056 F5000;
G4 P0;
M40 S30;
G4 P0.12;
G0 X-39.890 Y85.673;
G4 P0;
M40 S0;
G4 P0.12;
G1 X-48.335 Y85.673 F5000;
G1 X-48.121 Y72.101 F5000;
G4 P0;
M40 S30;
G4 P0.12;
G0 X-46.726 Y70.544;
G4 P0;
M40 S0;
G4 P0.12;
G1 X-46.726 Y67.567 F5000;
G4 P0;
M40 S30;
G4 P0.12;
G0 X-45.233 Y85.096;
G4 P0;
M40 S0;
G4 P0.12;
G1 X-49.015 Y88.878 F5000;
G4 P0;
M40 S30;
G4 P0.12;
G0 X-48.121 Y86.034;
G4 P0;
M40 S0;
G4 P0.12;
G1 X-48.121 Y93.213 F5000;
G4 P0;
M40 S30;
G4 P0.12;
G0 X-55.557 Y93.975;
G4 P0;
M40 S0;
G4 P0.12;
G1 X-56.719 Y93.975 F5000;
G4 P0;
M40 S30;
G4 P0.12;
G0 X-55.915 Y93.914;
G4 P0;
M40 S0;
G4 P0.12;
G1 X-55.915 Y92.752 F5000;
G4 P0;
M40 S30;
G4 P0.12;
G0 X-57.163 Y99.055;
G4 P0;
M40 S0;
G4 P0.12;
G1 X-58.639 Y100.531 F5000;
G4 P0;
M40 S30;
G4 P0.12;
G0 X-52.455 Y104.355;
G4 P0;
M40 S0;
G4 P0.12;
G1 X-52.022 Y103.922 F5000;
G4 P0;
M40 S30;
G4 P0.12;
G0 X-60.326 Y110.381;
G4 P0;
M40 S0;
G4 P0.12;
G1 X-60.326 Y117.524 F5000;
G4 P0;
M40 S30;
G4 P0.12;
G0 X-60.727 Y119.259;
G4 P0;
M40 S0;
G4 P0.12;
G1 X-56.614 Y115.145 F5000;
G4 P0;
M40 S30;
G4 P0.12;
G0 X-58.928 Y114.109;
G4 P0;
M40 S0;
G4 P0.12;
G1 X-44.641 Y114.109 F5000;
G4 P0;
M40 S30;
G4 P0.12;
G0 X-43.467 Y118.190;
G4 P0;
M40 S0;
G4 P0.12;
G1 X-58.620 Y133.344 F5000;
G4 P0;
M40 S30;
G4 P0.12;
G0 X-67.895 Y120.895;
G4 P0;
M40 S0;
G4 P0.12;
G1 X-59.380 Y112.380 F5000;
G4 P0;
M40 S30;
G4 P0.12;
G0 X-76.025 Y120.001;
G4 P0;
M40 S0;
G4 P0.12;
G1 X-88.368 Y132.345 F5000;
G4 P0;
M40 S30;
G4 P0.12;
G0 X-92.480 Y130.243;
G4 P0;
M40 S0;
G4 P0.12;
G1 X-92.480 Y123.260 F5000;
G4 P0;
M40 S30;
G4 P0.12;
G0 X-89.572 Y124.008;
G4 P0;
M40 S0;
G4 P0.12;
G1 X-80.844 Y124.008 F5000;
G4 P0;
M40 S30;
G4 P0.12;
G0 X-79.583 Y114.798;
G4 P0;
M40 S0;
G4 P0.12;
G1 X-91.721 Y126.935 F5000;
G4 P0;
M40 S30;
G4 P0.12;
G0 X-100.037 Y136.891;
G4 P0;
M40 S0;
G4 P0.12;
G1 X-268.507 Y305.361 F5000;
G4 P0;
M40 S30;
G4 P0.12;
G0 X-269.350 Y309.088;
G4 P0;
M40 S0;
G4 P0.12;
G1 X-269.350 Y338.998 F5000;
G4 P0;
M40 S30;
G4 P0.12;
G0 X-276.122 Y339.876;
G4 P0;
M40 S0;
G4 P0.12;
G1 X-183.715 Y247.469 F5000;
G4 P0;
M40 S30;
G4 P0.12;
G0 X-181.294 Y252.471;
G4 P0;
M40 S0;
G4 P0.12;
G1 X-181.294 Y402.071 F5000;
G4 P0;
M40 S30;
G4 P0.12;
G0 X-177.055 Y404.817;
G4 P0;
M40 S0;
G4 P0.12;
G1 X-115.028 Y342.790 F5000;
G4 P0;
M40 S30;
G4 P0.12;
G0 X-117.372 Y336.184;
G4 P0;
M40 S0;
G4 P0.12;
G1 X-117.604 Y336.381 F5000;
G1 X-117.604 Y391.342 F5000;
G4 P0;
M40 S30;
G4 P0.12;
G0 X-109.058 Y392.609;
G4 P0;
M40 S0;
G4 P0.12;
G1 X-78.974 Y362.525 F5000;
G4 P0;
M40 S30;
G4 P0.12;
G0 X-78.693 Y360.013;
G4 P0;
M40 S0;
G4 P0.12;
G1 X-261.775 Y360.013 F5000;
G1 X-264.129 Y362.004 F5000;
G4 P0;
M40 S30;
G4 P0.12;
G0 X-261.785 Y359.661;
G4 P0;
M40 S0;
G4 P0.12;
G1 X-217.252 Y315.127 F5000;
G4 P0;
M40 S30;
G4 P0.12;
G0 X-213.202 Y315.141;
G4 P0;
M40 S0;
G4 P0.12;
G1 X-213.202 Y408.950 F5000;
G4 P0;
M40 S30;
G4 P0.12;
G0 X-212.321 Y404.516;
G4 P0;
M40 S0;
G4 P0.12;
G1 X-217.308 Y404.516 F5000;
G4 P0;
M40 S30;
G4 P0.12;
G0 X-220.937 Y401.312;
G4 P0;
M40 S0;
G4 P0.12;
G1 X-220.937 Y181.968 F5000;
G4 P0;
M40 S30;
G4 P0.12;
G0 X-213.202 Y189.802;
G4 P0;
M40 S0;
G4 P0.12;
G1 X-213.202 Y299.278 F5000;
G4 P0;
M40 S30;
G4 P0.12;
G0 X-206.705 Y304.580;
G4 P0;
M40 S0;
G4 P0.12;
G1 X-178.188 Y276.063 F5000;
G4 P0;
M40 S30;
G4 P0.12;
G0 X-170.080 Y271.700;
G4 P0;
M40 S0;
G4 P0.12;
G1 X-170.080 Y406.017 F5000;
G4 P0;
M40 S30;
G4 P0.12;
G0 X-163.940 Y404.964;
G4 P0;
M40 S0;
G4 P0.12;
G1 X-130.553 Y371.577 F5000;
G4 P0;
M40 S30;
G4 P0.12;
G0 X-138.150 Y358.753;
G4 P0;
M40 S0;
G4 P0.12;
G1 X-138.150 Y402.765 F5000;
G4 P0;
M40 S30;
G4 P0.12;
G0 X-140.909 Y400.761;
G4 P0;
M40 S0;
G4 P0.12;
G1 X-74.887 Y334.739 F5000;
G4 P0;
M40 S30;
G4 P0.12;
G0 X-72.865 Y333.822;
G4 P0;
M40 S0;
G4 P0.12;
G1 X-72.865 Y169.314 F5000;
G4 P0;
M40 S30;
G4 P0.12;
G0 X-71.412 Y169.287;
G4 P0;
M40 S0;
G4 P0.12;
G1 X-110.346 Y208.221 F5000;
G4 P0;
M40 S30;
G4 P0.12;
G0 X-111.216 Y211.904;
G4 P0;
M40 S0;
G4 P0.12;
G1 X-139.241 Y211.904 F5000;
G4 P0;
M40 S30;
G4 P0.12;
G0 X-132.235 Y214.523;
G4 P0;
M40 S0;
G4 P0.12;
G1 X-132.235 Y95.750 F5000;
G4 P0;
M40 S30;
G4 P0.12;
G0 X-129.129 Y92.255;
G4 P0;
M40 S0;
G4 P0.12;
G1 X-89.245 Y92.255 F5000;
G4 P0;
M40 S30;
G4 P0.12;
G0 X-85.457 Y93.891;
G4 P0;
M40 S0;
G4 P0.12;
G1 X-85.457 Y76.911 F5000;
G4 P0;
M40 S30;
G4 P0.12;
G0 X-83.657 Y79.565;
G4 P0;
M40 S0;
G4 P0.12;
G1 X-170.683 Y166.590 F5000;
G4 P0;
M40 S30;
G4 P0.12;
G0 X-181.294 Y168.528;
G4 P0;
M40 S0;
G4 P0.12;
G1 X-181.294 Y115.871 F5000;
G4 P0;
M40 S30;
G4 P0.12;
G0 X-182.195 Y116.395;
G4 P0;
M40 S0;
G4 P0.12;
G1 X-180.412 Y114.613 F5000;
G4 P0;
M40 S30;
G4 P0.12;
G0 X-188.476 Y108.466;
G4 P0;
M40 S0;
G4 P0.12;
G1 X-250.166 Y108.466 F5000;
G4 P0;
M40 S30;
G4 P0.12;
G0 X-249.620 Y108.070;
G4 P0;
M40 S0;
G4 P0.12;
G1 X-222.040 Y80.490 F5000;
G4 P0;
M40 S30;
G4 P0.12;
G0 X-221.900 Y76.677;
G4 P0;
M40 S0;
G4 P0.12;
G1 X-217.927 Y76.677 F5000;
G4 P0;
M40 S30;
G4 P0.12;
G0 X-213.867 Y78.634;
G4 P0;
M40 S0;
G4 P0.12;
G1 X-216.961 Y81.727 F5000;
G4 P0;
M40 S30;
G4 P0.12;
G0 X-213.202 Y84.047;
G4 P0;
M40 S0;
G4 P0.12;
G1 X-213.202 Y170.022 F5000;
G4 P0;
M40 S30;
G4 P0.12;
G0 X-201.909 Y159.013;
G4 P0;
M40 S0;
G4 P0.12;
G1 X-201.909 Y84.411 F5000;
G4 P0;
M40 S30;
G4 P0.12;
G0 X-202.566 Y87.416;
G4 P0;
M40 S0;
G4 P0.12;
G1 X-243.108 Y127.958 F5000;
G4 P0;
M40 S30;
G4 P0.12;
G0 X-243.512 Y122.007;
G4 P0;
M40 S0;
G4 P0.12;
G1 X-243.512 Y151.872 F5000;
G4 P0;
M40 S30;
G4 P0.12;
G0 X-242.786 Y150.949;
G4 P0;
M40 S0;
G4 P0.12;
G1 X-234.482 Y142.645 F5000;
G4 P0;
M40 S30;
G4 P0.12;
G0 X-240.597 Y140.355;
G4 P0;
M40 S0;
G4 P0.12;
G1 X-180.095 Y79.853 F5000;
G4 P0;
M40 S30;
G4 P0.12;
G0 X-181.294 Y80.619;
G4 P0;
M40 S0;
G4 P0.12;
G1 X-181.294 Y89.212 F5000;
G4 P0;
M40 S30;
G4 P0.12;
G0 X-190.091 Y85.671;
G4 P0;
M40 S0;
G4 P0.12;
G1 X-190.091 Y223.797 F5000;
G4 P0;
M40 S30;
G4 P0.12;
G0 X-181.294 Y234.625;
G4 P0;
M40 S0;
G4 P0.12;
G1 X-181.294 Y208.407 F5000;
G4 P0;
M40 S30;
G4 P0.12;
G0 X-181.294 Y190.561;
G4 P0;
M40 S0;
G4 P0.12;
G1 X-181.294 Y186.374 F5000;
G4 P0;
M40 S30;
G4 P0.12;
G0 X-181.933 Y169.426;
G4 P0;
M40 S0;
G4 P0.12;
G1 X-279.142 Y169.426 F5000;
G4 P0;
M40 S30;
G4 P0.12;
G0 X-284.156 Y170.217;
G4 P0;
M40 S0;
G4 P0.12;
G1 X-284.156 Y181.870 F5000;
G4 P0;
M40 S30;
G4 P0.12;
G0 X-288.781 Y178.926;
G4 P0;
M40 S0;
G4 P0.12;
G1 X-289.465 Y179.610 F5000;
G1 X-289.465 Y178.643 F5000;
G4 P0;
M40 S30;
G4 P0.12;
G0 X-285.358 Y188.604;
G4 P0;
M40 S0;
G4 P0.12;
G1 X-285.358 Y195.859 F5000;
G4 P0;
M40 S30;
G4 P0.12;
G0 X-291.123 Y199.924;
G4 P0;
M40 S0;
G4 P0.12;
G1 X-298.604 Y199.924 F5000;
G4 P0;
M40 S30;
G4 P0.12;
G0 X-300.266 Y204.467;
G4 P0;
M40 S0;
G4 P0.12;
G1 X-286.494 Y204.467 F5000;
G4 P0;
M40 S30;
G4 P0.12;
G0 X-279.142 Y204.881;
G4 P0;
M40 S0;
G4 P0.12;
G1 X-47.335 Y204.881 F5000;
G1 X-47.539 Y212.432 F5000;
G4 P0;
M40 S30;
G4 P0.12;
G0 X-47.939 Y211.904;
G4 P0;
M40 S0;
G4 P0.12;
G1 X-75.788 Y211.904 F5000;
G4 P0;
M40 S30;
G4 P0.12;
G0 X-90.065 Y211.904;
G4 P0;
M40 S0;
G4 P0.12;
G1 X-93.414 Y211.904 F5000;
G4 P0;
M40 S30;
G4 P0.12;
G0 X-92.202 Y207.247;
G4 P0;
M40 S0;
G4 P0.12;
G1 X-91.380 Y206.425 F5000;
G4 P0;
M40 S30;
G4 P0.12;
G0 X-102.446 Y197.391;
G4 P0;
M40 S0;
G4 P0.12;
G1 X-102.446 Y89.432 F5000;
G4 P0;
M40 S30;
G4 P0.12;
G0 X-107.503 Y86.319;
G4 P0;
M40 S0;
G4 P0.12;
G1 X-150.408 Y129.225 F5000;
G4 P0;
M40 S30;
G4 P0.12;
G0 X-148.412 Y134.107;
G4 P0;
M40 S0;
G4 P0.12;
G1 X-105.867 Y134.107 F5000;
G4 P0;
M40 S30;
G4 P0.12;
G0 X-94.748 Y144.408;
G4 P0;
M40 S0;
G4 P0.12;
G1 X-149.518 Y199.178 F5000;
G4 P0;
M40 S30;
G4 P0.12;
G0 X-143.008 Y190.004;
G4 P0;
M40 S0;
G4 P0.12;
G1 X-115.742 Y190.004 F5000;
G4 P0;
M40 S30;
G4 P0.12;
G0 X-117.516 Y188.146;
G4 P0;
M40 S0;
G4 P0.12;
G1 X-165.630 Y236.259 F5000;
G4 P0;
M40 S30;
G4 P0.12;
G0 X-169.293 Y233.048;
G4 P0;
M40 S0;
G4 P0.12;
G1 X-119.618 Y183.372 F5000;
G4 P0;
M40 S30;
G4 P0.12;
G0 X-106.892 Y177.521;
G4 P0;
M40 S0;
G4 P0.12;
G1 X-96.612 Y167.242 F5000;
G4 P0;
M40 S30;
G4 P0.12;
G0 X-101.635 Y165.389;
G4 P0;
M40 S0;
G4 P0.12;
G1 X-91.130 Y154.885 F5000;
G4 P0;
M40 S30;
G4 P0.12;
G0 X-89.616 Y160.245;
G4 P0;
M40 S0;
G4 P0.12;
G1 X-84.519 Y155.149 F5000;
G4 P0;
M40 S30;
G4 P0.12;
G0 X-85.457 Y155.093;
G4 P0;
M40 S0;
G4 P0.12;
G1 X-85.457 Y157.414 F5000;
G4 P0;
M40 S30;
G4 P0.12;
G0 X-76.271 Y154.709;
G4 P0;
M40 S0;
G4 P0.12;
G1 X-231.570 Y154.709 F5000;
G4 P0;
M40 S30;
G4 P0.12;
G0 X-232.033 Y158.729;
G4 P0;
M40 S0;
G4 P0.12;
G1 X-227.317 Y154.013 F5000;
G4 P0;
M40 S30;
G4 P0.12;
G0 X-221.501 Y155.702;
G4 P0;
M40 S0;
G4 P0.12;
G1 X-210.432 Y144.632 F5000;
G4 P0;
M40 S30;
G4 P0.12;
G0 X-200.856 Y144.114;
G4 P0;
M40 S0;
G4 P0.12;
G1 X-90.065 Y144.114 F5000;
G4 P0;
M40 S30;
G4 P0.12;
G0 X-90.308 Y144.954;
G4 P0;
M40 S0;
G4 P0.12;
G1 X-90.308 Y298.871 F5000;
G4 P0;
M40 S30;
G4 P0.12;
G0 X-85.457 Y311.335;
G4 P0;
M40 S0;
G4 P0.12;
G1 X-85.457 Y250.377 F5000;
G4 P0;
M40 S30;
G4 P0.12;
G0 X-87.792 Y260.893;
G4 P0;
M40 S0;
G4 P0.12;
G1 X-211.058 Y384.160 F5000;
G4 P0;
M40 S30;
G4 P0.12;
G0 X-206.630 Y390.732;
G4 P0;
M40 S0;
G4 P0.12;
G1 X-228.649 Y412.751 F5000;
G4 P0;
M40 S30;
G4 P0.12;
G0 X-228.388 Y415.732;
G4 P0;
M40 S0;
G4 P0.12;
G1 X-211.843 Y415.732 F5000;
G4 P0;
M40 S30;
G4 P0.12;
G0 X-203.475 Y410.506;
G4 P0;
M40 S0;
G4 P0.12;
G1 X-133.680 Y340.711 F5000;
G4 P0;
M40 S30;
G4 P0.12;
G0 X-132.235 Y342.512;
G4 P0;
M40 S0;
G4 P0.12;
G1 X-132.235 Y401.824 F5000;
G4 P0;
M40 S30;
G4 P0.12;
G0 X-126.559 Y411.993;
G4 P0;
M40 S0;
G4 P0.12;
G1 X-142.212 Y411.993 F5000;
G4 P0;
M40 S30;
G4 P0.12;
G0 X-138.973 Y411.839;
G4 P0;
M40 S0;
G4 P0.12;
G1 X-145.019 Y417.885 F5000;
G4 P0;
M40 S30;
G4 P0.12;
G0 X-144.317 Y418.544;
G4 P0;
M40 S0;
G4 P0.12;
G1 X-147.441 Y418.544 F5000;
G4 P0;
M40 S30;
G4 P0.12;
G0 X-150.200 Y416.509;
G4 P0;
M40 S0;
G4 P0.12;
G1 X-150.200 Y409.941 F5000;
G4 P0;
M40 S30;
G4 P0.12;
G0 X-153.961 Y419.359;
G4 P0;
M40 S0;
G4 P0.12;
G1 X-157.893 Y423.291 F5000;
G4 P0;
M40 S30;
G4 P0.12;
G0 X-156.485 Y423.592;
G4 P0;
M40 S0;
G4 P0.12;
G1 X-164.155 Y423.592 F5000;
G4 P0;
M40 S30;
G4 P0.12;
G0 X-163.452 Y428.851;
G4 P0;
M40 S0;
G4 P0.12;
G1 X-164.741 Y430.139 F5000;
G4 P0;
M40 S30;
G4 P0.12;
G0 X-164.632 Y439.174;
G4 P0;
M40 S0;
G4 P0.12;
G1 X-169.000 Y439.174 F5000;
G4 P0;
M40 S30;
G4 P0.12;
G0 X-169.230 Y451.538;
G4 P0;
M40 S0;
G4 P0.12;
G1 X-169.230 Y458.140 F5000;
G4 P0;
M40 S30;
G4 P0.12;
G0 X-164.905 Y461.495;
G4 P0;
M40 S0;
G4 P0.12;
G1 X-164.905 Y463.238 F5000;
G4 P0;
M40 S30;
G4 P0.12;
G0 X-165.060 Y477.945;
G4 P0;
M40 S0;
G4 P0.12;
G1 X-167.053 Y477.945 F5000;
G4 P0;
M40 S30;
G4 P0.12;
G0 X-167.799 Y480.700;
G4 P0;
M40 S0;
G4 P0.12;
G1 X-180.164 Y493.122 F5000;
G1 X-180.164 Y498.121 F5000;
G4 P0;
M40 S30;
G4 P0.12;
G0 X-180.164 Y493.122;
G4 P0;
M40 S0;
G4 P0.12;
G1 X-180.164 Y475.052 F5000;
G4 P0;
M40 S30;
G4 P0.12;
G0 X-181.733 Y477.945;
G4 P0;
M40 S0;
G4 P0.12;
G1 X-175.546 Y477.945 F5000;
G4 P0;
M40 S30;
G4 P0.12;
G0 X-174.611 Y478.897;
G4 P0;
M40 S0;
G4 P0.12;
G1 X-174.611 Y510.472 F5000;
G4 P0;
M40 S30;
G4 P0.12;
G0 X-172.401 Y504.859;
G4 P0;
M40 S0;
G4 P0.12;
G1 X-177.879 Y504.859 F5000;
G4 P0;
M40 S30;
G4 P0.12;
G0 X-190.753 Y506.624;
G4 P0;
M40 S0;
G4 P0.12;
G1 X-202.818 Y506.624 F5000;
G4 P0;
M40 S30;
G4 P0.12;
G0 X-205.300 Y506.370;
G4 P0;
M40 S0;
G4 P0.12;
G1 X-195.725 Y496.795 F5000;
G4 P0;
M40 S30;
G4 P0.12;
G0 X-194.252 Y495.322;
G4 P0;
M40 S0;
G4 P0.12;
G1 X-195.357 Y496.427 F5000;
G1 X-213.911 Y496.706 F5000;
G4 P0;
M40 S30;
G4 P0.12;
G0 X-212.266 Y497.876;
G4 P0;
M40 S0;
G4 P0.12;
G1 X-212.266 Y508.292 F5000;
G4 P0;
M40 S30;
G4 P0.12;
G0 X-211.498 Y506.624;
G4 P0;
M40 S0;
G4 P0.12;
G1 X-209.849 Y506.624 F5000;
G4 P0;
M40 S30;
G4 P0.12;
G0 X-206.377 Y503.261;
G4 P0;
M40 S0;
G4 P0.12;
G1 X-192.489 Y503.261 F5000;
G4 P0;
M40 S30;
G4 P0.12;
G0 X-189.886 Y492.740;
G4 P0;
M40 S0;
G4 P0.12;
G1 X-188.226 Y492.740 F5000;
G4 P0;
M40 S30;
G4 P0.12;
G0 X-187.395 Y492.565;
G4 P0;
M40 S0;
G4 P0.12;
G1 X-187.395 Y482.259 F5000;
G4 P0;
M40 S30;
G4 P0.12;
G0 X-179.837 Y479.401;
G4 P0;
M40 S0;
G4 P0.12;
G1 X-177.186 Y476.750 F5000;
G4 P0;
M40 S30;
G4 P0.12;
G0 X-176.149 Y481.652;
G4 P0;
M40 S0;
G4 P0.12;
G1 X-162.788 Y481.652 F5000;
G4 P0;
M40 S30;
G4 P0.12;
G0 X-164.040 Y493.173;
G4 P0;
M40 S0;
G4 P0.12;
G1 X-164.040 Y495.227 F5000;
G4 P0;
M40 S30;
G4 P0.12;
G0 X-162.140 Y506.058;
G4 P0;
M40 S0;
G4 P0.12;
G1 X-152.103 Y506.058 F5000;
G4 P0;
M40 S30;
G4 P0.12;
G0 X-152.103 Y509.634;
G4 P0;
M40 S0;
G4 P0.12;
G1 X-154.042 Y509.634 F5000;
G4 P0;
M40 S30;
G4 P0.12;
G0 X-151.065 Y502.255;
G4 P0;
M40 S0;
G4 P0.12;
G1 X-150.632 Y501.822 F5000;
G4 P0;
M40 S30;
G4 P0.12;
G0 X-143.219 Y501.390;
G4 P0;
M40 S0;
G4 P0.12;
G1 X-142.057 Y501.390 F5000;
G4 P0;
M40 S30;
G4 P0.12;
G0 X-137.692 Y505.428;
G4 P0;
M40 S0;
G4 P0.12;
G1 X-124.941 Y492.677 F5000;
G4 P0;
M40 S30;
G4 P0.12;
G0 X-122.509 Y491.156;
G4 P0;
M40 S0;
G4 P0.12;
G1 X-105.198 Y491.156 F5000;
G4 P0;
M40 S30;
G4 P0.12;
G0 X-102.625 Y488.408;
G4 P0;
M40 S0;
G4 P0.12;
G1 X-88.426 Y488.408 F5000;
G4 P0;
M40 S30;
G4 P0.12;
G0 X-101.310 Y486.332;
G4 P0;
M40 S0;
G4 P0.12;
G1 X-86.250 Y471.272 F5000;
G4 P0;
M40 S30;
G4 P0.12;
G0 X-85.203 Y469.385;
G4 P0;
M40 S0;
G4 P0.12;
G1 X-82.878 Y469.385 F5000;
G4 P0;
M40 S30;
G4 P0.12;
G0 X-73.983 Y470.684;
G4 P0;
M40 S0;
G4 P0.12;
G1 X-69.093 Y465.794 F5000;
G4 P0;
M40 S30;
G4 P0.12;
G0 X-72.439 Y466.037;
G4 P0;
M40 S0;
G4 P0.12;
G1 X-72.439 Y475.103 F5000;
G4 P0;
M40 S30;
G4 P0.12;
G0 X-58.443 Y469.110;
G4 P0;
M40 S0;
G4 P0.12;
G1 X-58.443 Y459.890 F5000;
G4 P0;
M40 S30;
G4 P0.12;
G0 X-57.488 Y449.225;
G4 P0;
M40 S0;
G4 P0.12;
G1 X-35.692 Y449.225 F5000;
G4 P0;
M40 S30;
G4 P0.12;
G0 X-34.348 Y452.601;
G4 P0;
M40 S0;
G4 P0.12;
G1 X-46.803 Y452.601 F5000;
G4 P0;
M40 S30;
G4 P0.12;
G0 X-45.892 Y449.118;
G4 P0;
M40 S0;
G4 P0.12;
G1 X-45.892 Y456.107 F5000;
G4 P0;
M40 S30;
G4 P0.12;
G0 X-39.730 Y451.175;
G4 P0;
M40 S0;
G4 P0.12;
G1 X-26.424 Y437.869 F5000;
G4 P0;
M40 S30;
G4 P0.12;
G0 X-24.193 Y443.517;
G4 P0;
M40 S0;
G4 P0.12;
G1 X-32.556 Y443.517 F5000;
G4 P0;
M40 S30;
G4 P0.12;
G0 X-20.354 Y452.993;
G4 P0;
M40 S0;
G4 P0.12;
G1 X-20.354 Y457.061 F5000;
G4 P0;
M40 S30;
G4 P0.12;
G0 X-11.703 Y454.680;
G4 P0;
M40 S0;
G4 P0.12;
G1 X-9.866 Y454.680 F5000;
G4 P0;
M40 S30;
G4 P0.12;
G0 X-5.865 Y461.264;
G4 P0;
M40 S0;
G4 P0.12;
G1 X-14.123 Y469.521 F5000;
G4 P0;
M40 S30;
G4 P0.12;
G0 X-11.859 Y464.406;
G4 P0;
M40 S0;
G4 P0.12;
G1 X-11.859 Y476.133 F5000;
G4 P0;
M40 S30;
G4 P0.12;
G0 X-2.953 Y478.063;
G4 P0;
M40 S0;
G4 P0.12;
G1 X-2.953 Y492.077 F5000;
G4 P0;
M40 S30;
G4 P0.12;
G0 X4.635 Y489.148;
G4 P0;
M40 S0;
G4 P0.12;
G1 X4.635 Y477.272 F5000;
G4 P0;
M40 S30;
G4 P0.12;
G0 X4.635 Y471.980;
G4 P0;
M40 S0;
G4 P0.12;
G1 X4.635 Y465.550 F5000;
G4 P0;
M40 S30;
G4 P0.12;
G0 X-0.317 Y474.337;
G4 P0;
M40 S0;
G4 P0.12;
G1 X-1.365 Y475.385 F5000;
G4 P0;
M40 S30;
G4 P0.12;
G0 X-16.142 Y494.610;
G4 P0;
M40 S0;
G4 P0.12;
G1 X-25.488 Y503.956 F5000;
G4 P0;
M40 S30;
G4 P0.12;
G0 X-29.014 Y502.263;
G4 P0;
M40 S0;
G4 P0.12;
G1 X-39.753 Y502.263 F5000;
G4 P0;
M40 S30;
G4 P0.12;
G0 X-29.080 Y501.402;
G4 P0;
M40 S0;
G4 P0.12;
G1 X-23.888 Y496.210 F5000;
G4 P0;
M40 S30;
G4 P0.12;
G0 X-22.045 Y494.426;
G4 P0;
M40 S0;
G4 P0.12;
G1 X-22.045 Y489.194 F5000;
G4 P0;
M40 S30;
G4 P0.12;
G0 X-28.876 Y483.434;
G4 P0;
M40 S0;
G4 P0.12;
G1 X-32.770 Y487.328 F5000;
G1 X-32.918 Y476.345 F5000;
G4 P0;
M40 S30;
G4 P0.12;
G0 X-37.005 Y469.419;
G4 P0;
M40 S0;
G4 P0.12;
G1 X-46.965 Y479.379 F5000;
G4 P0;
M40 S30;
G4 P0.12;
G0 X-52.887 Y481.062;
G4 P0;
M40 S0;
G4 P0.12;
G1 X-53.320 Y481.495 F5000;
G4 P0;
M40 S30;
G4 P0.12;
G0 X-57.548 Y486.330;
G4 P0;
M40 S0;
G4 P0.12;
G1 X-57.548 Y506.481 F5000;
G1 X-51.624 Y506.606 F5000;
G4 P0;
M40 S30;
G4 P0.12;
G0 X-57.548 Y506.707;
G4 P0;
M40 S0;
G4 P0.12;
G1 X-57.548 Y508.972 F5000;
G4 P0;
M40 S30;
G4 P0.12;
G0 X-56.706 Y502.990;
G4 P0;
M40 S0;
G4 P0.12;
G1 X-52.650 Y498.934 F5000;
G4 P0;
M40 S30;
G4 P0.12;
G0 X-49.209 Y513.500;
G4 P0;
M40 S0;
G4 P0.12;
G1 X-63.519 Y513.500 F5000;
G4 P0;
M40 S30;
G4 P0.12;
G0 X-43.648 Y513.500;
G4 P0;
M40 S0;
G4 P0.12;
G1 X-40.656 Y513.500 F5000;
G4 P0;
M40 S30;
G4 P0.12;
G0 X-34.969 Y513.500;
G4 P0;
M40 S0;
G4 P0.12;
G1 X-31.434 Y513.500 F5000;
G4 P0;
M40 S30;
G4 P0.12;
G0 X-32.918 Y491.030;
G4 P0;
M40 S0;
G4 P0.12;
G1 X-32.918 Y487.726 F5000;
G4 P0;
M40 S30;
G4 P0.12;
G0 X0.407 Y442.570;
G4 P0;
M40 S0;
G4 P0.12;
G1 X2.244 Y442.570 F5000;
G4 P0;
M40 S30;
G4 P0.12;
G0 X5.421 Y427.970;
G4 P0;
M40 S0;
G4 P0.12;
G1 X-7.004 Y427.970 F5000;
G4 P0;
M40 S30;
G4 P0.12;
G0 X-7.161 Y422.246;
G4 P0;
M40 S0;
G4 P0.12;
G1 X-19.743 Y422.246 F5000;
G4 P0;
M40 S30;
G4 P0.12;
G0 X-26.517 Y419.498;
G4 P0;
M40 S0;
G4 P0.12;
G1 X-26.517 Y409.517 F5000;
G4 P0;
M40 S30;
G4 P0.12;
G0 X-27.516 Y411.922;
G4 P0;
M40 S0;
G4 P0.12;
G1 X-35.141 Y419.548 F5000;
G4 P0;
M40 S30;
G4 P0.12;
G0 X-29.775 Y419.518;
G4 P0;
M40 S0;
G4 P0.12;
G1 X-29.775 Y408.097 F5000;
G4 P0;
M40 S30;
G4 P0.12;
G0 X-22.180 Y407.970;
G4 P0;
M40 S0;
G4 P0.12;
G1 X-21.748 Y407.538 F5000;
G4 P0;
M40 S30;
G4 P0.12;
G0 X-33.425 Y400.477;
G4 P0;
M40 S0;
G4 P0.12;
G1 X-41.859 Y400.477 F5000;
G4 P0;
M40 S30;
G4 P0.12;
G0 X-46.400 Y407.958;
G4 P0;
M40 S0;
G4 P0.12;
G1 X-50.509 Y407.958 F5000;
G4 P0;
M40 S30;
G4 P0.12;
G0 X-59.546 Y401.787;
G4 P0;
M40 S0;
G4 P0.12;
G1 X-59.546 Y370.617 F5000;
G4 P0;
M40 S30;
G4 P0.12;
G0 X-60.069 Y362.125;
G4 P0;
M40 S0;
G4 P0.12;
G1 X-60.069 Y356.706 F5000;
G4 P0;
M40 S30;
G4 P0.12;
G0 X-60.069 Y354.097;
G4 P0;
M40 S0;
G4 P0.12;
G1 X-60.069 Y356.305 F5000;
G1 X-56.459 Y352.716 F5000;
G4 P0;
M40 S30;
G4 P0.12;
G0 X-55.050 Y350.819;
G4 P0;
M40 S0;
G4 P0.12;
G1 X-55.050 Y349.657 F5000;
G4 P0;
M40 S30;
G4 P0.12;
G0 X-53.700 Y355.430;
G4 P0;
M40 S0;
G4 P0.12;
G1 X-64.136 Y355.430 F5000;
G4 P0;
M40 S30;
G4 P0.12;
G0 X-75.725 Y344.488;
G4 P0;
M40 S0;
G4 P0.12;
G1 X-276.271 Y344.488 F5000;
G4 P0;
M40 S30;
G4 P0.12;
G0 X-274.468 Y345.098;
G4 P0;
M40 S0;
G4 P0.12;
G1 X-260.734 Y331.363 F5000;
G4 P0;
M40 S30;
G4 P0.12;
G0 X-252.010 Y322.639;
G4 P0;
M40 S0;
G4 P0.12;
G1 X-174.354 Y244.984 F5000;
G4 P0;
M40 S30;
G4 P0.12;
G0 X-170.080 Y249.267;
G4 P0;
M40 S0;
G4 P0.12;
G1 X-170.080 Y142.710 F5000;
G4 P0;
M40 S30;
G4 P0.12;
G0 X-168.704 Y147.520;
G4 P0;
M40 S0;
G4 P0.12;
G1 X-218.120 Y196.936 F5000;
G4 P0;
M40 S30;
G4 P0.12;
G0 X-224.696 Y203.512;
G4 P0;
M40 S0;
G4 P0.12;
G1 X-238.954 Y217.771 F5000;
G4 P0;
M40 S30;
G4 P0.12;
G0 X-243.512 Y216.445;
G4 P0;
M40 S0;
G4 P0.12;
G1 X-243.512 Y207.336 F5000;
G4 P0;
M40 S30;
G4 P0.12;
G0 X-234.535 Y204.816;
G4 P0;
M40 S0;
G4 P0.12;
G1 X-234.535 Y250.513 F5000;
G4 P0;
M40 S30;
G4 P0.12;
G0 X-243.512 Y251.038;
G4 P0;
M40 S0;
G4 P0.12;
G1 X-243.512 Y225.786 F5000;
G4 P0;
M40 S30;
G4 P0.12;
G0 X-244.228 Y223.044;
G4 P0;
M40 S0;
G4 P0.12;
G1 X-253.278 Y232.094 F5000;
G4 P0;
M40 S30;
G4 P0.12;
G0 X-258.616 Y237.433;
G4 P0;
M40 S0;
G4 P0.12;
G1 X-268.903 Y247.720 F5000;
G4 P0;
M40 S30;
G4 P0.12;
G0 X-274.177 Y252.994;
G4 P0;
M40 S0;
G4 P0.12;
G1 X-279.321 Y258.137 F5000;
G4 P0;
M40 S30;
G4 P0.12;
G0 X-284.156 Y258.249;
G4 P0;
M40 S0;
G4 P0.12;
G1 X-284.156 Y254.430 F5000;
G4 P0;
M40 S30;
G4 P0.12;
G0 X-285.124 Y260.329;
G4 P0;
M40 S0;
G4 P0.12;
G1 X-109.649 Y260.329 F5000;
G1 X-254.031 Y404.893 F5000;
G4 P0;
M40 S30;
G4 P0.12;
G0 X-259.310 Y404.516;
G4 P0;
M40 S0;
G4 P0.12;
G1 X-243.822 Y404.516 F5000;
G4 P0;
M40 S30;
G4 P0.12;
G0 X-248.095 Y403.026;
G4 P0;
M40 S0;
G4 P0.12;
G1 X-248.095 Y407.909 F5000;
G4 P0;
M40 S30;
G4 P0.12;
G0 X-243.512 Y410.281;
G4 P0;
M40 S0;
G4 P0.12;
G1 X-243.512 Y267.297 F5000;
G4 P0;
M40 S30;
G4 P0.12;
G0 X-234.535 Y268.792;
G4 P0;
M40 S0;
G4 P0.12;
G1 X-234.535 Y391.944 F5000;
G4 P0;
M40 S30;
G4 P0.12;
G0 X-233.422 Y394.150;
G4 P0;
M40 S0;
G4 P0.12;
G1 X-245.055 Y394.150 F5000;
G4 P0;
M40 S30;
G4 P0.12;
G0 X-234.883 Y389.478;
G4 P0;
M40 S0;
G4 P0.12;
G1 X-81.490 Y389.478 F5000;
G4 P0;
M40 S30;
G4 P0.12;
G0 X-81.598 Y391.268;
G4 P0;
M40 S0;
G4 P0.12;
G1 X-82.956 Y392.626 F5000;
G4 P0;
M40 S30;
G4 P0.12;
G0 X-85.457 Y391.960;
G4 P0;
M40 S0;
G4 P0.12;
G1 X-85.457 Y362.764 F5000;
G4 P0;
M40 S30;
G4 P0.12;
G0 X-82.065 Y365.383;
G4 P0;
M40 S0;
G4 P0.12;
G1 X-168.432 Y365.383 F5000;
G4 P0;
M40 S30;
G4 P0.12;
G0 X-179.550 Y365.383;
G4 P0;
M40 S0;
G4 P0.12;
G1 X-236.224 Y365.383 F5000;
G4 P0;
M40 S30;
G4 P0.12;
G0 X-247.342 Y365.383;
G4 P0;
M40 S0;
G4 P0.12;
G1 X-258.188 Y365.383 F5000;
G1 X-258.320 Y170.752 F5000;
G4 P0;
M40 S30;
G4 P0.12;
G0 X-259.709 Y167.872;
G4 P0;
M40 S0;
G4 P0.12;
G1 X-265.910 Y174.073 F5000;
G4 P0;
M40 S30;
G4 P0.12;
G0 X-266.975 Y184.113;
G4 P0;
M40 S0;
G4 P0.12;
G1 X-269.714 Y184.113 F5000;
G4 P0;
M40 S30;
G4 P0.12;
G0 X-258.925 Y190.004;
G4 P0;
M40 S0;
G4 P0.12;
G1 X-243.693 Y190.004 F5000;
G1 X-243.512 Y172.743 F5000;
G4 P0;
M40 S30;
G4 P0.12;
G0 X-244.203 Y178.404;
G4 P0;
M40 S0;
G4 P0.12;
G1 X-262.872 Y197.072 F5000;
G4 P0;
M40 S30;
G4 P0.12;
G0 X-270.470 Y204.671;
G4 P0;
M40 S0;
G4 P0.12;
G1 X-283.510 Y217.711 F5000;
G4 P0;
M40 S30;
G4 P0.12;
G0 X-284.156 Y217.122;
G4 P0;
M40 S0;
G4 P0.12;
G1 X-284.156 Y215.261 F5000;
G4 P0;
M40 S30;
G4 P0.12;
G0 X-291.234 Y216.805;
G4 P0;
M40 S0;
G4 P0.12;
G1 X-295.413 Y216.805 F5000;
G4 P0;
M40 S30;
G4 P0.12;
G0 X-301.888 Y219.192;
G4 P0;
M40 S0;
G4 P0.12;
G1 X-301.888 Y194.402 F5000;
G4 P0;
M40 S30;
G4 P0.12;
G0 X-311.195 Y188.168;
G4 P0;
M40 S0;
G4 P0.12;
G1 X-311.195 Y173.520 F5000;
G4 P0;
M40 S30;
G4 P0.12;
G0 X-303.110 Y176.246;
G4 P0;
M40 S0;
G4 P0.12;
G1 X-297.030 Y170.166 F5000;
G4 P0;
M40 S30;
G4 P0.12;
G0 X-289.465 Y159.594;
G4 P0;
M40 S0;
G4 P0.12;
G1 X-289.465 Y157.297 F5000;
G4 P0;
M40 S30;
G4 P0.12;
G0 X-281.873 Y157.903;
G4 P0;
M40 S0;
G4 P0.12;
G1 X-272.846 Y148.876 F5000;
G4 P0;
M40 S30;
G4 P0.12;
G0 X-272.583 Y149.721;
G4 P0;
M40 S0;
G4 P0.12;
G1 X-281.094 Y149.721 F5000;
G4 P0;
M40 S30;
G4 P0.12;
G0 X-280.285 Y151.204;
G4 P0;
M40 S0;
G4 P0.12;
G1 X-280.285 Y125.672 F5000;
G4 P0;
M40 S30;
G4 P0.12;
G0 X-281.156 Y126.123;
G4 P0;
M40 S0;
G4 P0.12;
G1 X-291.807 Y136.775 F5000;
G4 P0;
M40 S30;
G4 P0.12;
G0 X-294.284 Y137.215;
G4 P0;
M40 S0;
G4 P0.12;
G1 X-294.284 Y130.991 F5000;
G4 P0;
M40 S30;
G4 P0.12;
G0 X-297.777 Y122.058;
G4 P0;
M40 S0;
G4 P0.12;
G1 X-304.356 Y122.058 F5000;
G4 P0;
M40 S30;
G4 P0.12;
G0 X-302.709 Y119.680;
G4 P0;
M40 S0;
G4 P0.12;
G1 X-294.855 Y111.826 F5000;
G4 P0;
M40 S30;
G4 P0.12;
G0 X-301.574 Y112.562;
G4 P0;
M40 S0;
G4 P0.12;
G1 X-301.574 Y116.169 F5000;
G4 P0;
M40 S30;
G4 P0.12;
G0 X-299.486 Y118.716;
G4 P0;
M40 S0;
G4 P0.12;
G1 X-326.829 Y118.716 F5000;
G4 P0;
M40 S30;
G4 P0.12;
G0 X-324.810 Y120.157;
G4 P0;
M40 S0;
G4 P0.12;
G1 X-324.810 Y123.764 F5000;
G4 P0;
M40 S30;
G4 P0.12;
G0 X-323.860 Y125.229;
G4 P0;
M40 S0;
G4 P0.12;
G1 X-318.768 Y120.136 F5000;
G4 P0;
M40 S30;
G4 P0.12;
G0 X-318.284 Y122.058;
G4 P0;
M40 S0;
G4 P0.12;
G1 X-328.452 Y122.058 F5000;
G4 P0;
M40 S30;
G4 P0.12;
G0 X-324.106 Y118.827;
G4 P0;
M40 S0;
G4 P0.12;
G1 X-331.960 Y126.681 F5000;
G4 P0;
M40 S30;
G4 P0.12;
G0 X-331.694 Y129.651;
G4 P0;
M40 S0;
G4 P0.12;
G1 X-331.694 Y138.195 F5000;
G4 P0;
M40 S30;
G4 P0.12;
G0 X-332.578 Y133.947;
G4 P0;
M40 S0;
G4 P0.12;
G1 X-339.483 Y140.852 F5000;
G4 P0;
M40 S30;
G4 P0.12;
G0 X-340.500 Y138.090;
G4 P0;
M40 S0;
G4 P0.12;
G1 X-340.067 Y137.657 F5000;
G4 P0;
M40 S30;
G4 P0.12;
G0 X-327.387 Y132.214;
G4 P0;
M40 S0;
G4 P0.12;
G1 X-324.756 Y132.214 F5000;
G4 P0;
M40 S30;
G4 P0.12;
G0 X-308.753 Y134.744;
G4 P0;
M40 S0;
G4 P0.12;
G1 X-304.040 Y130.031 F5000;
G4 P0;
M40 S30;
G4 P0.12;
G0 X-302.750 Y143.590;
G4 P0;
M40 S0;
G4 P0.12;
G1 X-304.516 Y145.356 F5000;
G4 P0;
M40 S30;
G4 P0.12;
G0 X-311.195 Y145.883;
G4 P0;
M40 S0;
G4 P0.12;
G1 X-311.195 Y164.216 F5000;
G4 P0;
M40 S30;
G4 P0.12;
G0 X-311.659 Y163.441;
G4 P0;
M40 S0;
G4 P0.12;
G1 X-307.707 Y159.489 F5000;
G4 P0;
M40 S30;
G4 P0.12;
G0 X-297.250 Y151.930;
G4 P0;
M40 S0;
G4 P0.12;
G1 X-296.817 Y151.498 F5000;
G4 P0;
M40 S30;
G4 P0.12;
G0 X-294.373 Y120.364;
G4 P0;
M40 S0;
G4 P0.12;
G1 X-287.123 Y113.113 F5000;
G4 P0;
M40 S30;
G4 P0.12;
G0 X-285.092 Y112.140;
G4 P0;
M40 S0;
G4 P0.12;
G1 X-284.173 Y112.140 F5000;
G4 P0;
M40 S30;
G4 P0.12;
G0 X-275.625 Y114.633;
G4 P0;
M40 S0;
G4 P0.12;
G1 X-275.625 Y115.600 F5000;
G1 X-274.941 Y114.916 F5000;
G4 P0;
M40 S30;
G4 P0.12;
G0 X-270.435 Y114.633;
G4 P0;
M40 S0;
G4 P0.12;
G1 X-270.435 Y115.600 F5000;
G1 X-269.751 Y114.916 F5000;
G4 P0;
M40 S30;
G4 P0.12;
G0 X-276.644 Y105.123;
G4 P0;
M40 S0;
G4 P0.12;
G1 X-276.644 Y99.388 F5000;
G4 P0;
M40 S30;
G4 P0.12;
G0 X-273.574 Y98.741;
G4 P0;
M40 S0;
G4 P0.12;
G1 X-273.574 Y103.519 F5000;
G4 P0;
M40 S30;
G4 P0.12;
G0 X-267.762 Y89.650;
G4 P0;
M40 S0;
G4 P0.12;
G1 X-266.281 Y89.650 F5000;
G4 P0;
M40 S30;
G4 P0.12;
G0 X-249.640 Y92.255;
G4 P0;
M40 S0;
G4 P0.12;
G1 X-163.847 Y92.255 F5000;
G4 P0;
M40 S30;
G4 P0.12;
G0 X-167.529 Y76.677;
G4 P0;
M40 S0;
G4 P0.12;
G1 X-146.826 Y76.677 F5000;
G4 P0;
M40 S30;
G4 P0.12;
G0 X-144.764 Y78.965;
G4 P0;
M40 S0;
G4 P0.12;
G1 X-172.720 Y106.921 F5000;
G4 P0;
M40 S30;
G4 P0.12;
G0 X-171.168 Y108.466;
G4 P0;
M40 S0;
G4 P0.12;
G1 X-161.058 Y108.466 F5000;
G4 P0;
M40 S30;
G4 P0.12;
G0 X-170.080 Y114.389;
G4 P0;
M40 S0;
G4 P0.12;
G1 X-170.080 Y75.412 F5000;
G4 P0;
M40 S30;
G4 P0.12;
G0 X-181.525 Y66.375;
G4 P0;
M40 S0;
G4 P0.12;
G1 X-160.997 Y45.847 F5000;
G4 P0;
M40 S30;
G4 P0.12;
G0 X-151.882 Y47.265;
G4 P0;
M40 S0;
G4 P0.12;
G1 X-150.963 Y47.265 F5000;
G4 P0;
M40 S30;
G4 P0.12;
G0 X-153.518 Y51.461;
G4 P0;
M40 S0;
G4 P0.12;
G1 X-137.067 Y51.461 F5000;
G4 P0;
M40 S30;
G4 P0.12;
G0 X-138.570 Y54.613;
G4 P0;
M40 S0;
G4 P0.12;
G1 X-135.485 Y54.613 F5000;
G4 P0;
M40 S30;
G4 P0.12;
G0 X-139.775 Y47.938;
G4 P0;
M40 S0;
G4 P0.12;
G1 X-137.778 Y45.941 F5000;
G4 P0;
M40 S30;
G4 P0.12;
G0 X-138.150 Y45.696;
G4 P0;
M40 S0;
G4 P0.12;
G1 X-138.150 Y63.927 F5000;
G4 P0;
M40 S30;
G4 P0.12;
G0 X-137.716 Y64.412;
G4 P0;
M40 S0;
G4 P0.12;
G1 X-208.454 Y135.150 F5000;
G4 P0;
M40 S30;
G4 P0.12;
G0 X-202.833 Y137.034;
G4 P0;
M40 S0;
G4 P0.12;
G1 X-189.793 Y123.994 F5000;
G4 P0;
M40 S30;
G4 P0.12;
G0 X-182.449 Y134.107;
G4 P0;
M40 S0;
G4 P0.12;
G1 X-242.012 Y134.107 F5000;
G4 P0;
M40 S30;
G4 P0.12;
G0 X-251.405 Y128.979;
G4 P0;
M40 S0;
G4 P0.12;
G1 X-251.405 Y125.841 F5000;
G4 P0;
M40 S30;
G4 P0.12;
G0 X-254.453 Y123.428;
G4 P0;
M40 S0;
G4 P0.12;
G1 X-254.453 Y131.271 F5000;
G4 P0;
M40 S30;
G4 P0.12;
G0 X-252.010 Y130.270;
G4 P0;
M40 S0;
G4 P0.12;
G1 X-260.055 Y130.270 F5000;
G4 P0;
M40 S30;
G4 P0.12;
G0 X-255.030 Y119.797;
G4 P0;
M40 S0;
G4 P0.12;
G1 X-247.179 Y111.945 F5000;
G4 P0;
M40 S30;
G4 P0.12;
G0 X-247.736 Y117.345;
G4 P0;
M40 S0;
G4 P0.12;
G1 X-251.998 Y117.345 F5000;
G4 P0;
M40 S30;
G4 P0.12;
G0 X-248.095 Y120.020;
G4 P0;
M40 S0;
G4 P0.12;
G1 X-248.095 Y94.573 F5000;
G4 P0;
M40 S30;
G4 P0.12;
G0 X-243.512 Y98.830;
G4 P0;
M40 S0;
G4 P0.12;
G1 X-243.512 Y62.046 F5000;
G4 P0;
M40 S30;
G4 P0.12;
G0 X-252.223 Y68.410;
G4 P0;
M40 S0;
G4 P0.12;
G1 X-224.021 Y68.410 F5000;
G4 P0;
M40 S30;
G4 P0.12;
G0 X-220.937 Y72.296;
G4 P0;
M40 S0;
G4 P0.12;
G1 X-220.937 Y133.986 F5000;
G4 P0;
M40 S30;
G4 P0.12;
G0 X-223.865 Y132.028;
G4 P0;
M40 S0;
G4 P0.12;
G1 X-156.698 Y64.861 F5000;
G4 P0;
M40 S30;
G4 P0.12;
G0 X-153.518 Y68.410;
G4 P0;
M40 S0;
G4 P0.12;
G1 X-195.820 Y68.410 F5000;
G4 P0;
M40 S30;
G4 P0.12;
G0 X-196.339 Y61.106;
G4 P0;
M40 S0;
G4 P0.12;
G1 X-193.246 Y58.012 F5000;
G4 P0;
M40 S30;
G4 P0.12;
G0 X-181.294 Y58.587;
G4 P0;
M40 S0;
G4 P0.12;
G1 X-181.294 Y62.773 F5000;
G4 P0;
M40 S30;
G4 P0.12;
G0 X-189.688 Y80.887;
G4 P0;
M40 S0;
G4 P0.12;
G1 X-143.394 Y80.887 F5000;
G4 P0;
M40 S30;
G4 P0.12;
G0 X-145.415 Y83.263;
G4 P0;
M40 S0;
G4 P0.12;
G1 X-145.415 Y395.828 F5000;
G4 P0;
M40 S30;
G4 P0.12;
G0 X-159.818 Y404.516;
G4 P0;
M40 S0;
G4 P0.12;
G1 X-191.320 Y404.516 F5000;
G4 P0;
M40 S30;
G4 P0.12;
G0 X-190.091 Y410.674;
G4 P0;
M40 S0;
G4 P0.12;
G1 X-190.091 Y248.172 F5000;
G4 P0;
M40 S30;
G4 P0.12;
G0 X-187.685 Y238.599;
G4 P0;
M40 S0;
G4 P0.12;
G1 X-263.612 Y238.599 F5000;
G4 P0;
M40 S30;
G4 P0.12;
G0 X-273.374 Y225.947;
G4 P0;
M40 S0;
G4 P0.12;
G1 X-54.813 Y225.947 F5000;
G4 P0;
M40 S30;
G4 P0.12;
G0 X-53.563 Y226.333;
G4 P0;
M40 S0;
G4 P0.12;
G1 X-53.563 Y192.469 F5000;
G4 P0;
M40 S30;
G4 P0.12;
G0 X-58.679 Y193.683;
G4 P0;
M40 S0;
G4 P0.12;
G1 X-244.356 Y379.360 F5000;
G4 P0;
M40 S30;
G4 P0.12;
G0 X-248.095 Y377.064;
G4 P0;
M40 S0;
G4 P0.12;
G1 X-248.095 Y181.968 F5000;
G4 P0;
M40 S30;
G4 P0.12;
G0 X-250.771 Y183.921;
G4 P0;
M40 S0;
G4 P0.12;
G1 X-62.071 Y183.921 F5000;
G4 P0;
M40 S30;
G4 P0.12;
G0 X-63.183 Y183.061;
G4 P0;
M40 S0;
G4 P0.12;
G1 X-260.185 Y380.062 F5000;
G4 P0;
M40 S30;
G4 P0.12;
G0 X-261.536 Y386.330;
G4 P0;
M40 S0;
G4 P0.12;
G1 X-263.114 Y386.330 F5000;
G4 P0;
M40 S30;
G4 P0.12;
G0 X-265.913 Y391.133;
G4 P0;
M40 S0;
G4 P0.12;
G1 X-265.913 Y393.388 F5000;
G4 P0;
M40 S30;
G4 P0.12;
G0 X-270.632 Y393.506;
G4 P0;
M40 S0;
G4 P0.12;
G1 X-270.632 Y405.256 F5000;
G4 P0;
M40 S30;
G4 P0.12;
G0 X-279.769 Y396.544;
G4 P0;
M40 S0;
G4 P0.12;
G1 X-278.581 Y395.356 F5000;
G4 P0;
M40 S30;
G4 P0.12;
G0 X-280.866 Y392.738;
G4 P0;
M40 S0;
G4 P0.12;
G1 X-284.308 Y396.180 F5000;
G4 P0;
M40 S30;
G4 P0.12;
G0 X-286.080 Y393.358;
G4 P0;
M40 S0;
G4 P0.12;
G1 X-283.522 Y390.800 F5000;
G4 P0;
M40 S30;
G4 P0.12;
G0 X-289.290 Y394.551;
G4 P0;
M40 S0;
G4 P0.12;
G1 X-289.290 Y373.699 F5000;
G4 P0;
M40 S30;
G4 P0.12;
G0 X-290.989 Y381.576;
G4 P0;
M40 S0;
G4 P0.12;
G1 X-299.241 Y381.576 F5000;
G4 P0;
M40 S30;
G4 P0.12;
G0 X-298.305 Y384.952;
G4 P0;
M40 S0;
G4 P0.12;
G1 X-298.305 Y344.443 F5000;
G4 P0;
M40 S30;
G4 P0.12;
G0 X-300.954 Y346.976;
G4 P0;
M40 S0;
G4 P0.12;
G1 X-311.457 Y357.479 F5000;
G4 P0;
M40 S30;
G4 P0.12;
G0 X-312.691 Y357.946;
G4 P0;
M40 S0;
G4 P0.12;
G1 X-312.691 Y335.441 F5000;
G4 P0;
M40 S30;
G4 P0.12;
G0 X-319.281 Y335.206;
G4 P0;
M40 S0;
G4 P0.12;
G1 X-333.250 Y335.206 F5000;
G4 P0;
M40 S30;
G4 P0.12;
G0 X-327.978 Y335.122;
G4 P0;
M40 S0;
G4 P0.12;
G1 X-339.648 Y346.792 F5000;
G4 P0;
M40 S30;
G4 P0.12;
G0 X-340.401 Y348.471;
G4 P0;
M40 S0;
G4 P0.12;
G1 X-326.637 Y348.471 F5000;
G4 P0;
M40 S30;
G4 P0.12;
G0 X-327.584 Y352.686;
G4 P0;
M40 S0;
G4 P0.12;
G1 X-340.392 Y352.686 F5000;
G4 P0;
M40 S30;
G4 P0.12;
G0 X-340.345 Y358.563;
G4 P0;
M40 S0;
G4 P0.12;
G1 X-331.217 Y358.563 F5000;
G4 P0;
M40 S30;
G4 P0.12;
G0 X-333.659 Y357.721;
G4 P0;
M40 S0;
G4 P0.12;
G1 X-333.659 Y344.443 F5000;
G4 P0;
M40 S30;
G4 P0.12;
G0 X-340.252 Y344.538;
G4 P0;
M40 S0;
G4 P0.12;
G1 X-290.989 Y344.538 F5000;
G4 P0;
M40 S30;
G4 P0.12;
G0 X-292.969 Y348.471;
G4 P0;
M40 S0;
G4 P0.12;
G1 X-310.694 Y348.471 F5000;
G4 P0;
M40 S30;
G4 P0.12;
G0 X-313.969 Y345.995;
G4 P0;
M40 S0;
G4 P0.12;
G1 X-309.702 Y341.728 F5000;
G4 P0;
M40 S30;
G4 P0.12;
G0 X-307.227 Y340.692;
G4 P0;
M40 S0;
G4 P0.12;
G1 X-307.227 Y351.557 F5000;
G4 P0;
M40 S30;
G4 P0.12;
G0 X-309.555 Y358.563;
G4 P0;
M40 S0;
G4 P0.12;
G1 X-315.590 Y358.563 F5000;
G4 P0;
M40 S30;
G4 P0.12;
G0 X-317.013 Y370.147;
G4 P0;
M40 S0;
G4 P0.12;
G1 X-312.198 Y370.147 F5000;
G4 P0;
M40 S30;
G4 P0.12;
G0 X-304.603 Y379.858;
G4 P0;
M40 S0;
G4 P0.12;
G1 X-305.035 Y380.290 F5000;
G4 P0;
M40 S30;
G4 P0.12;
G0 X-299.770 Y377.480;
G4 P0;
M40 S0;
G4 P0.12;
G1 X-286.860 Y364.571 F5000;
G4 P0;
M40 S30;
G4 P0.12;
G0 X-289.290 Y364.083;
G4 P0;
M40 S0;
G4 P0.12;
G1 X-289.290 Y362.274 F5000;
G4 P0;
M40 S30;
G4 P0.12;
G0 X-292.988 Y362.697;
G4 P0;
M40 S0;
G4 P0.12;
G1 X-292.988 Y395.567 F5000;
G4 P0;
M40 S30;
G4 P0.12;
G0 X-296.201 Y392.740;
G4 P0;
M40 S0;
G4 P0.12;
G1 X-291.200 Y387.738 F5000;
G4 P0;
M40 S30;
G4 P0.12;
G0 X-309.203 Y387.130;
G4 P0;
M40 S0;
G4 P0.12;
G1 X-310.792 Y388.719 F5000;
G4 P0;
M40 S30;
G4 P0.12;
G0 X-322.233 Y395.860;
G4 P0;
M40 S0;
G4 P0.12;
G1 X-323.152 Y395.860 F5000;
G4 P0;
M40 S30;
G4 P0.12;
G0 X-319.081 Y421.920;
G4 P0;
M40 S0;
G4 P0.12;
G1 X-320.420 Y423.260 F5000;
G4 P0;
M40 S30;
G4 P0.12;
G0 X-303.305 Y420.945;
G4 P0;
M40 S0;
G4 P0.12;
G1 X-302.873 Y420.512 F5000;
G4 P0;
M40 S30;
G4 P0.12;
G0 X-293.950 Y405.921;
G4 P0;
M40 S0;
G4 P0.12;
G1 X-286.854 Y405.921 F5000;
G4 P0;
M40 S30;
G4 P0.12;
G0 X-273.253 Y376.352;
G4 P0;
M40 S0;
G4 P0.12;
G1 X-88.462 Y376.352 F5000;
G4 P0;
M40 S30;
G4 P0.12;
G0 X-90.308 Y391.407;
G4 P0;
M40 S0;
G4 P0.12;
G1 X-90.308 Y323.856 F5000;
G4 P0;
M40 S30;
G4 P0.12;
G0 X-93.516 Y321.278;
G4 P0;
M40 S0;
G4 P0.12;
G1 X-105.348 Y333.110 F5000;
G4 P0;
M40 S30;
G4 P0.12;
G0 X-103.470 Y336.184;
G4 P0;
M40 S0;
G4 P0.12;
G1 X-72.191 Y336.184 F5000;
G4 P0;
M40 S30;
G4 P0.12;
G0 X-69.707 Y332.002;
G4 P0;
M40 S0;
G4 P0.12;
G1 X-69.707 Y194.622 F5000;
G4 P0;
M40 S30;
G4 P0.12;
G0 X-69.707 Y185.053;
G4 P0;
M40 S0;
G4 P0.12;
G1 X-69.707 Y180.386 F5000;
G4 P0;
M40 S30;
G4 P0.12;
G0 X-69.707 Y174.059;
G4 P0;
M40 S0;
G4 P0.12;
G1 X-69.707 Y169.393 F5000;
G1 X-152.022 Y169.426 F5000;
G4 P0;
M40 S30;
G4 P0.12;
G0 X-164.485 Y190.004;
G4 P0;
M40 S0;
G4 P0.12;
G1 X-231.354 Y190.004 F5000;
G4 P0;
M40 S30;
G4 P0.12;
G0 X-243.512 Y190.501;
G4 P0;
M40 S0;
G4 P0.12;
G1 X-243.512 Y193.499 F5000;
G4 P0;
M40 S30;
G4 P0.12;
G0 X-236.605 Y170.805;
G4 P0;
M40 S0;
G4 P0.12;
G1 X-234.822 Y169.023 F5000;
G4 P0;
M40 S30;
G4 P0.12;
G0 X-234.535 Y168.259;
G4 P0;
M40 S0;
G4 P0.12;
G1 X-234.535 Y159.120 F5000;
G4 P0;
M40 S30;
G4 P0.12;
G0 X-254.820 Y144.142;
G4 P0;
M40 S0;
G4 P0.12;
G1 X-257.328 Y144.142 F5000;
G4 P0;
M40 S30;
G4 P0.12;
G0 X-260.282 Y151.129;
G4 P0;
M40 S0;
G4 P0.12;
G1 X-260.282 Y153.533 F5000;
G4 P0;
M40 S30;
G4 P0.12;
G0 X-229.565 Y117.345;
G4 P0;
M40 S0;
G4 P0.12;
G1 X-104.337 Y117.338 F5000;
G1 X-284.495 Y297.496 F5000;
G4 P0;
M40 S30;
G4 P0.12;
G0 X-284.156 Y297.417;
G4 P0;
M40 S0;
G4 P0.12;
G1 X-284.156 Y295.557 F5000;
G4 P0;
M40 S30;
G4 P0.12;
G0 X-284.359 Y294.162;
G4 P0;
M40 S0;
G4 P0.12;
G1 X-289.811 Y294.162 F5000;
G4 P0;
M40 S30;
G4 P0.12;
G0 X-288.049 Y295.858;
G4 P0;
M40 S0;
G4 P0.12;
G1 X-288.049 Y267.386 F5000;
G4 P0;
M40 S30;
G4 P0.12;
G0 X-287.198 Y266.015;
G4 P0;
M40 S0;
G4 P0.12;
G1 X-288.175 Y266.992 F5000;
G1 X-288.049 Y245.240 F5000;
G4 P0;
M40 S30;
G4 P0.12;
G0 X-289.001 Y245.006;
G4 P0;
M40 S0;
G4 P0.12;
G1 X-119.966 Y75.972 F5000;
G4 P0;
M40 S30;
G4 P0.12;
G0 X-117.604 Y77.281;
G4 P0;
M40 S0;
G4 P0.12;
G1 X-117.604 Y336.007 F5000;
G1 X-193.660 Y336.184 F5000;
G4 P0;
M40 S30;
G4 P0.12;
G0 X-207.736 Y336.184;
G4 P0;
M40 S0;
G4 P0.12;
G1 X-277.073 Y336.184 F5000;
G4 P0;
M40 S30;
G4 P0.12;
G0 X-284.156 Y328.850;
G4 P0;
M40 S0;
G4 P0.12;
G1 X-284.156 Y313.868 F5000;
G1 X-101.815 Y313.877 F5000;
G4 P0;
M40 S30;
G4 P0.12;
G0 X-104.202 Y322.439;
G4 P0;
M40 S0;
G4 P0.12;
G1 X-44.961 Y263.198 F5000;
G4 P0;
M40 S30;
G4 P0.12;
G0 X-43.846 Y260.329;
G4 P0;
M40 S0;
G4 P0.12;
G1 X-87.440 Y260.329 F5000;
G1 X-53.563 Y226.595 F5000;
G1 X-53.563 Y255.472 F5000;
G4 P0;
M40 S30;
G4 P0.12;
G0 X-49.329 Y249.435;
G4 P0;
M40 S0;
G4 P0.12;
G1 X-290.608 Y249.435 F5000;
G4 P0;
M40 S30;
G4 P0.12;
G0 X-298.115 Y243.494;
G4 P0;
M40 S0;
G4 P0.12;
G1 X-298.115 Y241.098 F5000;
G4 P0;
M40 S30;
G4 P0.12;
G0 X-300.398 Y250.738;
G4 P0;
M40 S0;
G4 P0.12;
G1 X-300.398 Y266.919 F5000;
G4 P0;
M40 S30;
G4 P0.12;
G0 X-298.285 Y266.861;
G4 P0;
M40 S0;
G4 P0.12;
G1 X-288.414 Y266.861 F5000;
G1 X-291.105 Y269.922 F5000;
G4 P0;
M40 S30;
G4 P0.12;
G0 X-284.156 Y270.097;
G4 P0;
M40 S0;
G4 P0.12;
G1 X-284.156 Y283.806 F5000;
G4 P0;
M40 S30;
G4 P0.12;
G0 X-283.419 Y282.878;
G4 P0;
M40 S0;
G4 P0.12;
G1 X-149.104 Y282.878 F5000;
G4 P0;
M40 S30;
G4 P0.12;
G0 X-138.973 Y282.878;
G4 P0;
M40 S0;
G4 P0.12;
G1 X-80.894 Y282.878 F5000;
G4 P0;
M40 S30;
G4 P0.12;
G0 X-68.756 Y282.878;
G4 P0;
M40 S0;
G4 P0.12;
G1 X-48.794 Y282.878 F5000;
G4 P0;
M40 S30;
G4 P0.12;
G0 X-47.539 Y282.348;
G4 P0;
M40 S0;
G4 P0.12;
G1 X-47.539 Y230.711 F5000;
G4 P0;
M40 S30;
G4 P0.12;
G0 X-45.991 Y230.093;
G4 P0;
M40 S0;
G4 P0.12;
G1 X-195.413 Y379.515 F5000;
G4 P0;
M40 S30;
G4 P0.12;
G0 X-201.909 Y388.559;
G4 P0;
M40 S0;
G4 P0.12;
G1 X-201.909 Y411.514 F5000;
G4 P0;
M40 S30;
G4 P0.12;
G0 X-194.119 Y412.356;
G4 P0;
M40 S0;
G4 P0.12;
G1 X-110.957 Y329.193 F5000;
G4 P0;
M40 S30;
G4 P0.12;
G0 X-110.415 Y317.446;
G4 P0;
M40 S0;
G4 P0.12;
G1 X-46.436 Y253.467 F5000;
G4 P0;
M40 S30;
G4 P0.12;
G0 X-44.943 Y266.861;
G4 P0;
M40 S0;
G4 P0.12;
G1 X-159.934 Y266.861 F5000;
G4 P0;
M40 S30;
G4 P0.12;
G0 X-161.369 Y269.877;
G4 P0;
M40 S0;
G4 P0.12;
G1 X-161.369 Y27.742 F5000;
G4 P0;
M40 S30;
G4 P0.12;
G0 X-161.521 Y26.288;
G4 P0;
M40 S0;
G4 P0.12;
G1 X-172.546 Y37.312 F5000;
G4 P0;
M40 S30;
G4 P0.12;
G0 X-179.252 Y35.258;
G4 P0;
M40 S0;
G4 P0.12;
G1 X-151.168 Y35.258 F5000;
G4 P0;
M40 S30;
G4 P0.12;
G0 X-158.713 Y30.591;
G4 P0;
M40 S0;
G4 P0.12;
G1 X-165.207 Y30.591 F5000;
G4 P0;
M40 S30;
G4 P0.12;
G0 X-164.831 Y18.377;
G4 P0;
M40 S0;
G4 P0.12;
G1 X-164.831 Y16.267 F5000;
G4 P0;
M40 S30;
G4 P0.12;
G0 X-162.780 Y17.961;
G4 P0;
M40 S0;
G4 P0.12;
G1 X-159.719 Y14.899 F5000;
G4 P0;
M40 S30;
G4 P0.12;
G0 X-153.543 Y53.301;
G4 P0;
M40 S0;
G4 P0.12;
G1 X-161.129 Y60.887 F5000;
G4 P0;
M40 S30;
G4 P0.12;
G0 X-151.224 Y54.613;
G4 P0;
M40 S0;
G4 P0.12;
G1 X-149.721 Y54.613 F5000;
G4 P0;
M40 S30;
G4 P0.12;
G0 X-114.735 Y49.384;
G4 P0;
M40 S0;
G4 P0.12;
G1 X-114.735 Y47.179 F5000;
G4 P0;
M40 S30;
G4 P0.12;
G0 X-105.742 Y48.800;
G4 P0;
M40 S0;
G4 P0.12;
G1 X-100.482 Y48.800 F5000;
G4 P0;
M40 S30;
G4 P0.12;
G0 X-100.233 Y52.816;
G4 P0;
M40 S0;
G4 P0.12;
G1 X-100.233 Y41.933 F5000;
G4 P0;
M40 S30;
G4 P0.12;
G0 X-88.785 Y40.274;
G4 P0;
M40 S0;
G4 P0.12;
G1 X-88.785 Y36.634 F5000;
G4 P0;
M40 S30;
G4 P0.12;
G0 X-89.667 Y25.404;
G4 P0;
M40 S0;
G4 P0.12;
G1 X-89.667 Y16.933 F5000;
G4 P0;
M40 S30;
G4 P0.12;
G0 X-87.146 Y17.217;
G4 P0;
M40 S0;
G4 P0.12;
G1 X-90.889 Y20.960 F5000;
G4 P0;
M40 S30;
G4 P0.12;
G0 X-76.782 Y28.891;
G4 P0;
M40 S0;
G4 P0.12;
G1 X-76.782 Y32.367 F5000;
G4 P0;
M40 S30;
G4 P0.12;
G0 X-73.291 Y46.260;
G4 P0;
M40 S0;
G4 P0.12;
G1 X-73.291 Y49.613 F5000;
G4 P0;
M40 S30;
G4 P0.12;
G0 X-84.066 Y58.445;
G4 P0;
M40 S0;
G4 P0.12;
G1 X-100.119 Y58.445 F5000;
G4 P0;
M40 S30;
G4 P0.12;
G0 X-90.308 Y77.094;
G4 P0;
M40 S0;
G4 P0.12;
G1 X-90.308 Y107.939 F5000;
G4 P0;
M40 S30;
G4 P0.12;
G0 X-85.658 Y108.466;
G4 P0;
M40 S0;
G4 P0.12;
G1 X-126.614 Y108.466 F5000;
G4 P0;
M40 S30;
G4 P0.12;
G0 X-138.150 Y115.674;
G4 P0;
M40 S0;
G4 P0.12;
G1 X-138.150 Y340.153 F5000;
G4 P0;
M40 S30;
G4 P0.12;
G0 X-132.235 Y330.471;
G4 P0;
M40 S0;
G4 P0.12;
G1 X-132.235 Y259.267 F5000;
G4 P0;
M40 S30;
G4 P0.12;
G0 X-132.235 Y247.226;
G4 P0;
M40 S0;
G4 P0.12;
G1 X-132.235 Y226.564 F5000;
G4 P0;
M40 S30;
G4 P0.12;
G0 X-128.706 Y226.582;
G4 P0;
M40 S0;
G4 P0.12;
G1 X-165.036 Y262.911 F5000;
G4 P0;
M40 S30;
G4 P0.12;
G0 X-173.259 Y266.861;
G4 P0;
M40 S0;
G4 P0.12;
G1 X-271.799 Y266.861 F5000;
G4 P0;
M40 S30;
G4 P0.12;
G0 X-269.350 Y271.700;
G4 P0;
M40 S0;
G4 P0.12;
G1 X-269.350 Y211.879 F5000;
G4 P0;
M40 S30;
G4 P0.12;
G0 X-276.723 Y211.904;
G4 P0;
M40 S0;
G4 P0.12;
G1 X-153.518 Y211.904 F5000;
G4 P0;
M40 S30;
G4 P0.12;
G0 X-162.604 Y212.264;
G4 P0;
M40 S0;
G4 P0.12;
G1 X-259.541 Y309.201 F5000;
G4 P0;
M40 S30;
G4 P0.12;
G0 X-261.118 Y294.162;
G4 P0;
M40 S0;
G4 P0.12;
G1 X-60.552 Y294.162 F5000;
G4 P0;
M40 S30;
G4 P0.12;
G0 X-54.813 Y302.143;
G4 P0;
M40 S0;
G4 P0.12;
G1 X-273.258 Y302.143 F5000;
G4 P0;
M40 S30;
G4 P0.12;
G0 X-284.156 Y313.183;
G4 P0;
M40 S0;
G4 P0.12;
G1 X-284.156 Y313.770 F5000;
G4 P0;
M40 S30;
G4 P0.12;
G0 X-283.404 Y322.742;
G4 P0;
M40 S0;
G4 P0.12;
G1 X-122.112 Y322.742 F5000;
G4 P0;
M40 S30;
G4 P0.12;
G0 X-127.197 Y329.247;
G4 P0;
M40 S0;
G4 P0.12;
G1 X-229.191 Y329.247 F5000;
G4 P0;
M40 S30;
G4 P0.12;
G0 X-245.642 Y329.247;
G4 P0;
M40 S0;
G4 P0.12;
G1 X-284.960 Y329.247 F5000;
G4 P0;
M40 S30;
G4 P0.12;
G0 X-291.376 Y319.921;
G4 P0;
M40 S0;
G4 P0.12;
G1 X-292.060 Y320.605 F5000;
G1 X-292.060 Y319.638 F5000;
G4 P0;
M40 S30;
G4 P0.12;
G0 X-300.586 Y310.439;
G4 P0;
M40 S0;
G4 P0.12;
G1 X-302.347 Y310.439 F5000;
G4 P0;
M40 S30;
G4 P0.12;
G0 X-300.293 Y301.418;
G4 P0;
M40 S0;
G4 P0.12;
G1 X-295.532 Y301.418 F5000;
G4 P0;
M40 S30;
G4 P0.12;
G0 X-301.965 Y296.091;
G4 P0;
M40 S0;
G4 P0.12;
G1 X-301.965 Y278.237 F5000;
G4 P0;
M40 S30;
G4 P0.12;
G0 X-303.601 Y283.447;
G4 P0;
M40 S0;
G4 P0.12;
G1 X-311.469 Y283.447 F5000;
G4 P0;
M40 S30;
G4 P0.12;
G0 X-317.198 Y287.886;
G4 P0;
M40 S0;
G4 P0.12;
G1 X-297.952 Y287.886 F5000;
G4 P0;
M40 S30;
G4 P0.12;
G0 X-300.516 Y290.980;
G4 P0;
M40 S0;
G4 P0.12;
G1 X-304.581 Y295.045 F5000;
G4 P0;
M40 S30;
G4 P0.12;
G0 X-289.237 Y278.876;
G4 P0;
M40 S0;
G4 P0.12;
G1 X-48.794 Y278.876 F5000;
G4 P0;
M40 S30;
G4 P0.12;
G0 X-53.563 Y276.473;
G4 P0;
M40 S0;
G4 P0.12;
G1 X-53.563 Y281.460 F5000;
G4 P0;
M40 S30;
G4 P0.12;
G0 X-45.711 Y273.473;
G4 P0;
M40 S0;
G4 P0.12;
G1 X-83.836 Y311.598 F5000;
G4 P0;
M40 S30;
G4 P0.12;
G0 X-78.020 Y313.877;
G4 P0;
M40 S0;
G4 P0.12;
G1 X-25.437 Y313.877 F5000;
G4 P0;
M40 S30;
G4 P0.12;
G0 X-35.923 Y317.100;
G4 P0;
M40 S0;
G4 P0.12;
G1 X-35.923 Y322.681 F5000;
G4 P0;
M40 S30;
G4 P0.12;
G0 X-36.867 Y322.742;
G4 P0;
M40 S0;
G4 P0.12;
G1 X-104.484 Y322.720 F5000;
G1 X-110.816 Y329.053 F5000;
G1 X-58.103 Y329.247 F5000;
G4 P0;
M40 S30;
G4 P0.12;
G0 X-53.563 Y323.462;
G4 P0;
M40 S0;
G4 P0.12;
G1 X-53.563 Y302.724 F5000;
G4 P0;
M40 S30;
G4 P0.12;
G0 X-47.059 Y296.086;
G4 P0;
M40 S0;
G4 P0.12;
G1 X-45.954 Y294.981 F5000;
G4 P0;
M40 S30;
G4 P0.12;
G0 X-46.705 Y291.497;
G4 P0;
M40 S0;
G4 P0.12;
G1 X-42.837 Y287.629 F5000;
G4 P0;
M40 S30;
G4 P0.12;
G0 X-41.243 Y290.270;
G4 P0;
M40 S0;
G4 P0.12;
G1 X-37.811 Y286.838 F5000;
G4 P0;
M40 S30;
G4 P0.12;
G0 X-27.283 Y276.621;
G4 P0;
M40 S0;
G4 P0.12;
G1 X-27.283 Y272.044 F5000;
G4 P0;
M40 S30;
G4 P0.12;
G0 X-25.783 Y262.861;
G4 P0;
M40 S0;
G4 P0.12;
G1 X-25.783 Y258.045 F5000;
G4 P0;
M40 S30;
G4 P0.12;
G0 X-18.720 Y260.494;
G4 P0;
M40 S0;
G4 P0.12;
G1 X-18.720 Y263.983 F5000;
G4 P0;
M40 S30;
G4 P0.12;
G0 X-17.807 Y275.625;
G4 P0;
M40 S0;
G4 P0.12;
G1 X-16.888 Y275.625 F5000;
G4 P0;
M40 S30;
G4 P0.12;
G0 X-0.863 Y278.363;
G4 P0;
M40 S0;
G4 P0.12;
G1 X-0.863 Y270.304 F5000;
G4 P0;
M40 S30;
G4 P0.12;
G0 X4.635 Y274.385;
G4 P0;
M40 S0;
G4 P0.12;
G1 X4.635 Y278.261 F5000;
G4 P0;
M40 S30;
G4 P0.12;
G0 X4.635 Y300.876;
G4 P0;
M40 S0;
G4 P0.12;
G1 X4.635 Y304.005 F5000;
G4 P0;
M40 S30;
G4 P0.12;
G0 X-7.475 Y306.561;
G4 P0;
M40 S0;
G4 P0.12;
G1 X-7.475 Y308.398 F5000;
G4 P0;
M40 S30;
G4 P0.12;
G0 X4.635 Y334.012;
G4 P0;
M40 S0;
G4 P0.12;
G1 X4.635 Y336.067 F5000;
G4 P0;
M40 S30;
G4 P0.12;
G0 X5.067 Y336.175;
G4 P0;
M40 S0;
G4 P0.12;
G1 X3.013 Y336.175 F5000;
G4 P0;
M40 S30;
G4 P0.12;
G0 X-0.197 Y341.365;
G4 P0;
M40 S0;
G4 P0.12;
G1 X-1.359 Y341.365 F5000;
G4 P0;
M40 S30;
G4 P0.12;
G0 X4.635 Y347.318;
G4 P0;
M40 S0;
G4 P0.12;
G1 X4.635 Y348.285 F5000;
G1 X5.319 Y347.601 F5000;
G4 P0;
M40 S30;
G4 P0.12;
G0 X-8.880 Y351.478;
G4 P0;
M40 S0;
G4 P0.12;
G1 X-8.880 Y367.399 F5000;
G4 P0;
M40 S30;
G4 P0.12;
G0 X-7.629 Y370.043;
G4 P0;
M40 S0;
G4 P0.12;
G1 X-2.231 Y364.645 F5000;
G4 P0;
M40 S30;
G4 P0.12;
G0 X-3.822 Y362.125;
G4 P0;
M40 S0;
G4 P0.12;
G1 X-0.147 Y362.125 F5000;
G4 P0;
M40 S30;
G4 P0.12;
G0 X1.880 Y367.915;
G4 P0;
M40 S0;
G4 P0.12;
G1 X0.082 Y369.712 F5000;
G4 P0;
M40 S30;
G4 P0.12;
G0 X3.184 Y367.898;
G4 P0;
M40 S0;
G4 P0.12;
G1 X-43.197 Y367.898 F5000;
G4 P0;
M40 S30;
G4 P0.12;
G0 X-42.546 Y371.547;
G4 P0;
M40 S0;
G4 P0.12;
G1 X-42.546 Y377.055 F5000;
G4 P0;
M40 S30;
G4 P0.12;
G0 X-36.478 Y372.994;
G4 P0;
M40 S0;
G4 P0.12;
G1 X-19.084 Y355.600 F5000;
G4 P0;
M40 S30;
G4 P0.12;
G0 X-25.659 Y357.071;
G4 P0;
M40 S0;
G4 P0.12;
G1 X-11.310 Y357.071 F5000;
G4 P0;
M40 S30;
G4 P0.12;
G0 X-20.450 Y342.230;
G4 P0;
M40 S0;
G4 P0.12;
G1 X-20.017 Y341.798 F5000;
G4 P0;
M40 S30;
G4 P0.12;
G0 X-27.370 Y330.985;
G4 P0;
M40 S0;
G4 P0.12;
G1 X-26.938 Y330.553 F5000;
G4 P0;
M40 S30;
G4 P0.12;
G0 X-39.048 Y329.255;
G4 P0;
M40 S0;
G4 P0.12;
G1 X-41.102 Y329.255 F5000;
G4 P0;
M40 S30;
G4 P0.12;
G0 X-47.539 Y324.999;
G4 P0;
M40 S0;
G4 P0.12;
G1 X-47.539 Y309.919 F5000;
G4 P0;
M40 S30;
G4 P0.12;
G0 X-66.798 Y307.822;
G4 P0;
M40 S0;
G4 P0.12;
G1 X-110.420 Y351.443 F5000;
G4 P0;
M40 S30;
G4 P0.12;
G0 X-85.457 Y352.869;
G4 P0;
M40 S0;
G4 P0.12;
G1 X-85.457 Y321.230 F5000;
G4 P0;
M40 S30;
G4 P0.12;
G0 X-64.035 Y320.807;
G4 P0;
M40 S0;
G4 P0.12;
G1 X-64.035 Y176.295 F5000;
G4 P0;
M40 S30;
G4 P0.12;
G0 X-69.707 Y169.314;
G4 P0;
M40 S0;
G4 P0.12;
G1 X-69.707 Y167.732 F5000;
G4 P0;
M40 S30;
G4 P0.12;
G0 X-70.274 Y157.848;
G4 P0;
M40 S0;
G4 P0.12;
G1 X-206.459 Y294.033 F5000;
G4 P0;
M40 S30;
G4 P0.12;
G0 X-223.483 Y311.056;
G4 P0;
M40 S0;
G4 P0.12;
G1 X-261.785 Y349.358 F5000;
G4 P0;
M40 S30;
G4 P0.12;
G0 X-258.320 Y365.637;
G4 P0;
M40 S0;
G4 P0.12;
G1 X-258.320 Y367.039 F5000;
G4 P0;
M40 S30;
G4 P0.12;
G0 X-279.950 Y349.321;
G4 P0;
M40 S0;
G4 P0.12;
G1 X-279.950 Y350.802 F5000;
G1 X-281.602 Y350.880 F5000;
G4 P0;
M40 S30;
G4 P0.12;
G0 X-292.988 Y351.557;
G4 P0;
M40 S0;
G4 P0.12;
G1 X-292.988 Y348.944 F5000;
G4 P0;
M40 S30;
G4 P0.12;
G0 X-295.294 Y352.686;
G4 P0;
M40 S0;
G4 P0.12;
G1 X-299.492 Y352.686 F5000;
G4 P0;
M40 S30;
G4 P0.12;
G0 X-296.162 Y357.213;
G4 P0;
M40 S0;
G4 P0.12;
G1 X-299.858 Y360.909 F5000;
G4 P0;
M40 S30;
G4 P0.12;
G0 X-299.034 Y366.601;
G4 P0;
M40 S0;
G4 P0.12;
G1 X-295.115 Y366.601 F5000;
G4 P0;
M40 S30;
G4 P0.12;
G0 X-325.111 Y368.361;
G4 P0;
M40 S0;
G4 P0.12;
G1 X-325.795 Y369.045 F5000;
G1 X-325.795 Y368.078 F5000;
G4 P0;
M40 S30;
G4 P0.12;
G0 X-338.148 Y370.174;
G4 P0;
M40 S0;
G4 P0.12;
G1 X-340.226 Y372.252 F5000;
G4 P0;
M40 S30;
G4 P0.12;
G0 X-339.937 Y363.570;
G4 P0;
M40 S0;
G4 P0.12;
G1 X-318.275 Y341.908 F5000;
G4 P0;
M40 S30;
G4 P0.12;
G0 X-337.776 Y309.680;
G4 P0;
M40 S0;
G4 P0.12;
G1 X-337.776 Y295.325 F5000;
G4 P0;
M40 S30;
G4 P0.12;
G0 X-338.689 Y296.880;
G4 P0;
M40 S0;
G4 P0.12;
G1 X-329.112 Y287.303 F5000;
G4 P0;
M40 S30;
G4 P0.12;
G0 X-331.471 Y305.397;
G4 P0;
M40 S0;
G4 P0.12;
G1 X-340.500 Y305.397 F5000;
G4 P0;
M40 S30;
G4 P0.12;
G0 X-323.925 Y253.329;
G4 P0;
M40 S0;
G4 P0.12;
G1 X-320.835 Y250.239 F5000;
G4 P0;
M40 S30;
G4 P0.12;
G0 X-313.915 Y247.093;
G4 P0;
M40 S0;
G4 P0.12;
G1 X-308.259 Y241.438 F5000;
G4 P0;
M40 S30;
G4 P0.12;
G0 X-312.188 Y240.671;
G4 P0;
M40 S0;
G4 P0.12;
G1 X-312.188 Y248.568 F5000;
G4 P0;
M40 S30;
G4 P0.12;
G0 X-309.737 Y251.176;
G4 P0;
M40 S0;
G4 P0.12;
G1 X-307.470 Y248.909 F5000;
G4 P0;
M40 S30;
G4 P0.12;
G0 X-309.497 Y237.336;
G4 P0;
M40 S0;
G4 P0.12;
G1 X-302.338 Y230.177 F5000;
G4 P0;
M40 S30;
G4 P0.12;
G0 X-290.248 Y234.888;
G4 P0;
M40 S0;
G4 P0.12;
G1 X-288.683 Y233.323 F5000;
G4 P0;
M40 S30;
G4 P0.12;
G0 X-310.219 Y217.213;
G4 P0;
M40 S0;
G4 P0.12;
G1 X-310.219 Y215.234 F5000;
G4 P0;
M40 S30;
G4 P0.12;
G0 X-321.529 Y214.135;
G4 P0;
M40 S0;
G4 P0.12;
G1 X-327.853 Y214.135 F5000;
G4 P0;
M40 S30;
G4 P0.12;
G0 X-334.807 Y211.615;
G4 P0;
M40 S0;
G4 P0.12;
G1 X-336.107 Y211.615 F5000;
G4 P0;
M40 S30;
G4 P0.12;
G0 X-339.202 Y211.183;
G4 P0;
M40 S0;
G4 P0.12;
G1 X-339.635 Y211.615 F5000;
G4 P0;
M40 S30;
G4 P0.12;
G0 X-335.216 Y216.672;
G4 P0;
M40 S0;
G4 P0.12;
G1 X-325.155 Y206.611 F5000;
G4 P0;
M40 S30;
G4 P0.12;
G0 X-315.415 Y201.138;
G4 P0;
M40 S0;
G4 P0.12;
G1 X-315.415 Y199.301 F5000;
G4 P0;
M40 S30;
G4 P0.12;
G0 X-316.461 Y192.766;
G4 P0;
M40 S0;
G4 P0.12;
G1 X-317.145 Y193.450 F5000;
G1 X-317.145 Y192.483 F5000;
G4 P0;
M40 S30;
G4 P0.12;
G0 X-327.092 Y185.232;
G4 P0;
M40 S0;
G4 P0.12;
G1 X-327.525 Y185.665 F5000;
G4 P0;
M40 S30;
G4 P0.12;
G0 X-330.317 Y178.332;
G4 P0;
M40 S0;
G4 P0.12;
G1 X-340.398 Y178.332 F5000;
G4 P0;
M40 S30;
G4 P0.12;
G0 X-340.500 Y174.643;
G4 P0;
M40 S0;
G4 P0.12;
G1 X-331.335 Y174.643 F5000;
G4 P0;
M40 S30;
G4 P0.12;
G0 X-338.739 Y169.722;
G4 P0;
M40 S0;
G4 P0.12;
G1 X-334.635 Y165.618 F5000;
G4 P0;
M40 S30;
G4 P0.12;
G0 X-332.722 Y221.026;
G4 P0;
M40 S0;
G4 P0.12;
G1 X-321.529 Y221.026 F5000;
G4 P0;
M40 S30;
G4 P0.12;
G0 X-322.848 Y227.698;
G4 P0;
M40 S0;
G4 P0.12;
G1 X-325.464 Y230.314 F5000;
G4 P0;
M40 S30;
G4 P0.12;
G0 X-328.789 Y235.102;
G4 P0;
M40 S0;
G4 P0.12;
G1 X-330.382 Y236.695 F5000;
G4 P0;
M40 S30;
G4 P0.12;
G0 X-335.842 Y230.696;
G4 P0;
M40 S0;
G4 P0.12;
G1 X-340.267 Y230.696 F5000;
G4 P0;
M40 S30;
G4 P0.12;
G0 X-338.295 Y248.335;
G4 P0;
M40 S0;
G4 P0.12;
G1 X-340.390 Y250.430 F5000;
G4 P0;
M40 S30;
G4 P0.12;
G0 X-288.856 Y262.488;
G4 P0;
M40 S0;
G4 P0.12;
G1 X-114.369 Y88.001 F5000;
G4 P0;
M40 S30;
G4 P0.12;
G0 X-115.976 Y80.887;
G4 P0;
M40 S0;
G4 P0.12;
G1 X-120.089 Y80.887 F5000;
G4 P0;
M40 S30;
G4 P0.12;
G0 X-90.667 Y80.887;
G4 P0;
M40 S0;
G4 P0.12;
G1 X-80.122 Y80.887 F5000;
G4 P0;
M40 S30;
G4 P0.12;
G0 X-79.092 Y89.774;
G4 P0;
M40 S0;
G4 P0.12;
G1 X-75.709 Y89.774 F5000;
G4 P0;
M40 S30;
G4 P0.12;
G0 X-76.875 Y92.808;
G4 P0;
M40 S0;
G4 P0.12;
G1 X-76.875 Y103.490 F5000;
G4 P0;
M40 S30;
G4 P0.12;
G0 X-75.709 Y93.256;
G4 P0;
M40 S0;
G4 P0.12;
G1 X-79.181 Y93.256 F5000;
G4 P0;
M40 S30;
G4 P0.12;
G0 X-92.776 Y101.619;
G4 P0;
M40 S0;
G4 P0.12;
G1 X-249.138 Y101.619 F5000;
G4 P0;
M40 S30;
G4 P0.12;
G0 X-234.535 Y90.346;
G4 P0;
M40 S0;
G4 P0.12;
G1 X-234.535 Y81.435 F5000;
G4 P0;
M40 S30;
G4 P0.12;
G0 X-238.839 Y76.677;
G4 P0;
M40 S0;
G4 P0.12;
G1 X-246.995 Y76.677 F5000;
G4 P0;
M40 S30;
G4 P0.12;
G0 X-244.280 Y80.460;
G4 P0;
M40 S0;
G4 P0.12;
G1 X-239.565 Y75.744 F5000;
G4 P0;
M40 S30;
G4 P0.12;
G0 X-244.524 Y80.887;
G4 P0;
M40 S0;
G4 P0.12;
G1 X-206.667 Y80.887 F5000;
G4 P0;
M40 S30;
G4 P0.12;
G0 X-203.830 Y72.350;
G4 P0;
M40 S0;
G4 P0.12;
G1 X-203.398 Y71.918 F5000;
G4 P0;
M40 S30;
G4 P0.12;
G0 X-227.597 Y62.585;
G4 P0;
M40 S0;
G4 P0.12;
G1 X-227.597 Y59.166 F5000;
G4 P0;
M40 S30;
G4 P0.12;
G0 X-227.481 Y54.185;
G4 P0;
M40 S0;
G4 P0.12;
G1 X-229.665 Y54.185 F5000;
G4 P0;
M40 S30;
G4 P0.12;
G0 X-231.942 Y65.862;
G4 P0;
M40 S0;
G4 P0.12;
G1 X-232.375 Y66.295 F5000;
G4 P0;
M40 S30;
G4 P0.12;
G0 X-248.116 Y36.020;
G4 P0;
M40 S0;
G4 P0.12;
G1 X-249.597 Y36.020 F5000;
G4 P0;
M40 S30;
G4 P0.12;
G0 X-241.961 Y26.207;
G4 P0;
M40 S0;
G4 P0.12;
G1 X-237.477 Y21.723 F5000;
G4 P0;
M40 S30;
G4 P0.12;
G0 X-264.590 Y3.315;
G4 P0;
M40 S0;
G4 P0.12;
G1 X-264.590 Y-2.014 F5000;
G4 P0;
M40 S30;
G4 P0.12;
G0 X-286.768 Y-4.635;
G4 P0;
M40 S0;
G4 P0.12;
G1 X-287.687 Y-4.635 F5000;
G4 P0;
M40 S30;
G4 P0.12;
G0 X-306.663 Y-4.635;
G4 P0;
M40 S0;
G4 P0.12;
G1 X-307.582 Y-4.635 F5000;
G4 P0;
M40 S30;
G4 P0.12;
G0 X-321.038 Y-5.067;
G4 P0;
M40 S0;
G4 P0.12;
G1 X-321.470 Y-4.635 F5000;
G4 P0;
M40 S30;
G4 P0.12;
G0 X-303.527 Y12.732;
G4 P0;
M40 S0;
G4 P0.12;
G1 X-303.527 Y64.898 F5000;
G4 P0;
M40 S30;
G4 P0.12;
G0 X-298.980 Y67.923;
G4 P0;
M40 S0;
G4 P0.12;
G1 X-298.980 Y68.890 F5000;
G1 X-298.296 Y68.206 F5000;
G4 P0;
M40 S30;
G4 P0.12;
G0 X-293.747 Y68.847;
G4 P0;
M40 S0;
G4 P0.12;
G1 X-292.925 Y68.025 F5000;
G4 P0;
M40 S30;
G4 P0.12;
G0 X-283.410 Y69.755;
G4 P0;
M40 S0;
G4 P0.12;
G1 X-282.978 Y69.323 F5000;
G4 P0;
M40 S30;
G4 P0.12;
G0 X-276.115 Y70.371;
G4 P0;
M40 S0;
G4 P0.12;
G1 X-276.115 Y65.635 F5000;
G4 P0;
M40 S30;
G4 P0.12;
G0 X-271.200 Y66.349;
G4 P0;
M40 S0;
G4 P0.12;
G1 X-269.297 Y66.349 F5000;
G4 P0;
M40 S30;
G4 P0.12;
G0 X-306.706 Y21.831;
G4 P0;
M40 S0;
G4 P0.12;
G1 X-301.436 Y16.561 F5000;
G4 P0;
M40 S30;
G4 P0.12;
G0 X-318.637 Y105.847;
G4 P0;
M40 S0;
G4 P0.12;
G1 X-319.685 Y106.895 F5000;
G4 P0;
M40 S30;
G4 P0.12;
G0 X-311.090 Y112.140;
G4 P0;
M40 S0;
G4 P0.12;
G1 X-310.658 Y111.707 F5000;
G4 P0;
M40 S30;
G4 P0.12;
G0 X-274.476 Y201.172;
G4 P0;
M40 S0;
G4 P0.12;
G1 X-279.192 Y205.888 F5000;
G4 P0;
M40 S30;
G4 P0.12;
G0 X-278.486 Y266.376;
G4 P0;
M40 S0;
G4 P0.12;
G1 X-280.699 Y268.589 F5000;
G4 P0;
M40 S30;
G4 P0.12;
G0 X-284.317 Y280.225;
G4 P0;
M40 S0;
G4 P0.12;
G1 X-197.074 Y192.981 F5000;
G4 P0;
M40 S30;
G4 P0.12;
G0 X-201.909 Y181.968;
G4 P0;
M40 S0;
G4 P0.12;
G1 X-201.909 Y365.318 F5000;
G4 P0;
M40 S30;
G4 P0.12;
G0 X-216.853 Y394.150;
G4 P0;
M40 S0;
G4 P0.12;
G1 X-174.669 Y394.150 F5000;
G4 P0;
M40 S30;
G4 P0.12;
G0 X-162.801 Y394.150;
G4 P0;
M40 S0;
G4 P0.12;
G1 X-108.866 Y394.150 F5000;
G4 P0;
M40 S30;
G4 P0.12;
G0 X-102.446 Y390.173;
G4 P0;
M40 S0;
G4 P0.12;
G1 X-102.446 Y243.658 F5000;
G4 P0;
M40 S30;
G4 P0.12;
G0 X-109.286 Y260.148;
G4 P0;
M40 S0;
G4 P0.12;
G1 X-43.854 Y194.715 F5000;
G4 P0;
M40 S30;
G4 P0.12;
G0 X-47.539 Y194.154;
G4 P0;
M40 S0;
G4 P0.12;
G1 X-47.539 Y204.664 F5000;
G4 P0;
M40 S30;
G4 P0.12;
G0 X-41.502 Y203.628;
G4 P0;
M40 S0;
G4 P0.12;
G1 X-23.370 Y185.496 F5000;
G4 P0;
M40 S30;
G4 P0.12;
G0 X-23.302 Y183.523;
G4 P0;
M40 S0;
G4 P0.12;
G1 X-30.424 Y183.523 F5000;
G4 P0;
M40 S30;
G4 P0.12;
G0 X-22.510 Y169.816;
G4 P0;
M40 S0;
G4 P0.12;
G1 X-11.728 Y159.034 F5000;
G4 P0;
M40 S30;
G4 P0.12;
G0 X-13.256 Y166.783;
G4 P0;
M40 S0;
G4 P0.12;
G1 X-20.935 Y166.783 F5000;
G4 P0;
M40 S30;
G4 P0.12;
G0 X-10.761 Y179.610;
G4 P0;
M40 S0;
G4 P0.12;
G1 X-7.448 Y179.610 F5000;
G4 P0;
M40 S30;
G4 P0.12;
G0 X-1.309 Y176.652;
G4 P0;
M40 S0;
G4 P0.12;
G1 X-1.309 Y168.776 F5000;
G4 P0;
M40 S30;
G4 P0.12;
G0 X4.635 Y170.770;
G4 P0;
M40 S0;
G4 P0.12;
G1 X4.635 Y178.546 F5000;
G4 P0;
M40 S30;
G4 P0.12;
G0 X0.564 Y191.298;
G4 P0;
M40 S0;
G4 P0.12;
G1 X-2.307 Y194.169 F5000;
G4 P0;
M40 S30;
G4 P0.12;
G0 X0.554 Y197.526;
G4 P0;
M40 S0;
G4 P0.12;
G1 X0.554 Y206.073 F5000;
G4 P0;
M40 S30;
G4 P0.12;
G0 X1.511 Y201.311;
G4 P0;
M40 S0;
G4 P0.12;
G1 X4.121 Y198.702 F5000;
G4 P0;
M40 S30;
G4 P0.12;
G0 X4.635 Y197.526;
G4 P0;
M40 S0;
G4 P0.12;
G1 X4.635 Y218.788 F5000;
G4 P0;
M40 S30;
G4 P0.12;
G0 X4.635 Y231.715;
G4 P0;
M40 S0;
G4 P0.12;
G1 X4.635 Y233.745 F5000;
G4 P0;
M40 S30;
G4 P0.12;
G0 X4.172 Y235.778;
G4 P0;
M40 S0;
G4 P0.12;
G1 X-8.039 Y235.778 F5000;
G4 P0;
M40 S30;
G4 P0.12;
G0 X-5.721 Y239.661;
G4 P0;
M40 S0;
G4 P0.12;
G1 X1.952 Y239.661 F5000;
G4 P0;
M40 S30;
G4 P0.12;
G0 X2.621 Y235.662;
G4 P0;
M40 S0;
G4 P0.12;
G1 X-4.934 Y243.217 F5000;
G4 P0;
M40 S30;
G4 P0.12;
G0 X-7.062 Y225.061;
G4 P0;
M40 S0;
G4 P0.12;
G1 X-30.909 Y225.061 F5000;
G4 P0;
M40 S30;
G4 P0.12;
G0 X-33.545 Y217.979;
G4 P0;
M40 S0;
G4 P0.12;
G1 X-33.545 Y199.968 F5000;
G4 P0;
M40 S30;
G4 P0.12;
G0 X-31.260 Y211.854;
G4 P0;
M40 S0;
G4 P0.12;
G1 X-11.114 Y191.708 F5000;
G4 P0;
M40 S30;
G4 P0.12;
G0 X-14.385 Y191.828;
G4 P0;
M40 S0;
G4 P0.12;
G1 X-14.385 Y227.323 F5000;
G4 P0;
M40 S30;
G4 P0.12;
G0 X-11.430 Y221.687;
G4 P0;
M40 S0;
G4 P0.12;
G1 X-20.690 Y221.687 F5000;
G4 P0;
M40 S30;
G4 P0.12;
G0 X-23.213 Y226.036;
G4 P0;
M40 S0;
G4 P0.12;
G1 X-9.615 Y212.438 F5000;
G4 P0;
M40 S30;
G4 P0.12;
G0 X-31.262 Y239.727;
G4 P0;
M40 S0;
G4 P0.12;
G1 X-31.695 Y240.160 F5000;
G4 P0;
M40 S30;
G4 P0.12;
G0 X-61.140 Y238.599;
G4 P0;
M40 S0;
G4 P0.12;
G1 X-156.049 Y238.599 F5000;
G4 P0;
M40 S30;
G4 P0.12;
G0 X-123.307 Y227.185;
G4 P0;
M40 S0;
G4 P0.12;
G1 X-121.826 Y227.185 F5000;
G4 P0;
M40 S30;
G4 P0.12;
G0 X-122.520 Y227.107;
G4 P0;
M40 S0;
G4 P0.12;
G1 X-122.520 Y225.626 F5000;
G4 P0;
M40 S30;
G4 P0.12;
G0 X-125.980 Y221.130;
G4 P0;
M40 S0;
G4 P0.12;
G1 X-125.548 Y220.697 F5000;
G4 P0;
M40 S30;
G4 P0.12;
G0 X-118.627 Y231.942;
G4 P0;
M40 S0;
G4 P0.12;
G1 X-119.060 Y232.375 F5000;
G4 P0;
M40 S30;
G4 P0.12;
G0 X-115.552 Y210.750;
G4 P0;
M40 S0;
G4 P0.12;
G1 X-114.633 Y210.750 F5000;
G4 P0;
M40 S30;
G4 P0.12;
G0 X-103.404 Y190.004;
G4 P0;
M40 S0;
G4 P0.12;
G1 X-60.906 Y190.004 F5000;
G4 P0;
M40 S30;
G4 P0.12;
G0 X-54.366 Y165.086;
G4 P0;
M40 S0;
G4 P0.12;
G1 X-55.050 Y165.770 F5000;
G1 X-55.050 Y164.803 F5000;
G4 P0;
M40 S30;
G4 P0.12;
G0 X-51.104 Y161.309;
G4 P0;
M40 S0;
G4 P0.12;
G1 X-51.104 Y158.732 F5000;
G4 P0;
M40 S30;
G4 P0.12;
G0 X-39.402 Y163.175;
G4 P0;
M40 S0;
G4 P0.12;
G1 X-37.921 Y163.175 F5000;
G4 P0;
M40 S30;
G4 P0.12;
G0 X-38.615 Y163.097;
G4 P0;
M40 S0;
G4 P0.12;
G1 X-38.615 Y161.616 F5000;
G4 P0;
M40 S30;
G4 P0.12;
G0 X-36.734 Y147.724;
G4 P0;
M40 S0;
G4 P0.12;
G1 X-42.738 Y147.724 F5000;
G4 P0;
M40 S30;
G4 P0.12;
G0 X-41.439 Y134.074;
G4 P0;
M40 S0;
G4 P0.12;
G1 X-41.439 Y117.524 F5000;
G4 P0;
M40 S30;
G4 P0.12;
G0 X-37.750 Y125.620;
G4 P0;
M40 S0;
G4 P0.12;
G1 X-37.750 Y127.430 F5000;
G4 P0;
M40 S30;
G4 P0.12;
G0 X-26.546 Y135.020;
G4 P0;
M40 S0;
G4 P0.12;
G1 X-24.466 Y132.940 F5000;
G4 P0;
M40 S30;
G4 P0.12;
G0 X-17.739 Y143.280;
G4 P0;
M40 S0;
G4 P0.12;
G1 X-15.526 Y143.280 F5000;
G4 P0;
M40 S30;
G4 P0.12;
G0 X-3.944 Y144.306;
G4 P0;
M40 S0;
G4 P0.12;
G1 X-3.944 Y139.756 F5000;
G4 P0;
M40 S30;
G4 P0.12;
G0 X4.635 Y144.306;
G4 P0;
M40 S0;
G4 P0.12;
G1 X4.635 Y115.810 F5000;
G4 P0;
M40 S30;
G4 P0.12;
G0 X-2.641 Y119.416;
G4 P0;
M40 S0;
G4 P0.12;
G1 X-5.367 Y122.142 F5000;
G4 P0;
M40 S30;
G4 P0.12;
G0 X-12.089 Y120.351;
G4 P0;
M40 S0;
G4 P0.12;
G1 X-12.089 Y104.117 F5000;
G4 P0;
M40 S30;
G4 P0.12;
G0 X-16.836 Y112.665;
G4 P0;
M40 S0;
G4 P0.12;
G1 X-5.356 Y112.665 F5000;
G4 P0;
M40 S30;
G4 P0.12;
G0 X-11.086 Y116.709;
G4 P0;
M40 S0;
G4 P0.12;
G1 X-16.826 Y122.449 F5000;
G4 P0;
M40 S30;
G4 P0.12;
G0 X-96.921 Y109.923;
G4 P0;
M40 S0;
G4 P0.12;
G1 X-104.119 Y117.120 F5000;
G4 P0;
M40 S30;
G4 P0.12;
G0 X-143.921 Y108.466;
G4 P0;
M40 S0;
G4 P0.12;
G1 X-147.177 Y108.466 F5000;
G4 P0;
M40 S30;
G4 P0.12;
G0 X-158.286 Y137.103;
G4 P0;
M40 S0;
G4 P0.12;
G1 X-163.430 Y142.247 F5000;
G4 P0;
M40 S30;
G4 P0.12;
G0 X-85.457 Y174.638;
G4 P0;
M40 S0;
G4 P0.12;
G1 X-85.457 Y235.596 F5000;
G4 P0;
M40 S30;
G4 P0.12;
G0 X-161.369 Y292.130;
G4 P0;
M40 S0;
G4 P0.12;
G1 X-161.369 Y300.722 F5000;
G4 P0;
M40 S30;
G4 P0.12;
G0 X-161.369 Y322.975;
G4 P0;
M40 S0;
G4 P0.12;
G1 X-161.369 Y402.071 F5000;
G4 P0;
M40 S30;
G4 P0.12;
G0 X-178.194 Y415.732;
G4 P0;
M40 S0;
G4 P0.12;
G1 X-189.410 Y415.732 F5000;
G4 P0;
M40 S30;
G4 P0.12;
G0 X-188.022 Y421.572;
G4 P0;
M40 S0;
G4 P0.12;
G1 X-189.070 Y422.620 F5000;
G4 P0;
M40 S30;
G4 P0.12;
G0 X-200.177 Y444.509;
G4 P0;
M40 S0;
G4 P0.12;
G1 X-200.177 Y460.571 F5000;
G4 P0;
M40 S30;
G4 P0.12;
G0 X-199.515 Y460.499;
G4 P0;
M40 S0;
G4 P0.12;
G1 X-198.958 Y459.888 F5000;
G1 X-213.057 Y459.888 F5000;
G4 P0;
M40 S30;
G4 P0.12;
G0 X-210.745 Y459.500;
G4 P0;
M40 S0;
G4 P0.12;
G1 X-210.745 Y453.075 F5000;
G4 P0;
M40 S30;
G4 P0.12;
G0 X-217.156 Y450.432;
G4 P0;
M40 S0;
G4 P0.12;
G1 X-224.430 Y457.706 F5000;
G4 P0;
M40 S30;
G4 P0.12;
G0 X-233.394 Y458.216;
G4 P0;
M40 S0;
G4 P0.12;
G1 X-250.212 Y475.034 F5000;
G4 P0;
M40 S30;
G4 P0.12;
G0 X-245.642 Y477.114;
G4 P0;
M40 S0;
G4 P0.12;
G1 X-221.858 Y477.114 F5000;
G4 P0;
M40 S30;
G4 P0.12;
G0 X-216.805 Y476.884;
G4 P0;
M40 S0;
G4 P0.12;
G1 X-216.805 Y481.905 F5000;
G4 P0;
M40 S30;
G4 P0.12;
G0 X-209.128 Y480.377;
G4 P0;
M40 S0;
G4 P0.12;
G1 X-209.128 Y485.560 F5000;
G4 P0;
M40 S30;
G4 P0.12;
G0 X-216.419 Y492.094;
G4 P0;
M40 S0;
G4 P0.12;
G1 X-218.418 Y494.093 F5000;
G4 P0;
M40 S30;
G4 P0.12;
G0 X-220.265 Y492.845;
G4 P0;
M40 S0;
G4 P0.12;
G1 X-199.433 Y492.845 F5000;
G4 P0;
M40 S30;
G4 P0.12;
G0 X-208.491 Y495.813;
G4 P0;
M40 S0;
G4 P0.12;
G1 X-212.173 Y499.496 F5000;
G4 P0;
M40 S30;
G4 P0.12;
G0 X-213.321 Y513.500;
G4 P0;
M40 S0;
G4 P0.12;
G1 X-216.619 Y513.500 F5000;
G4 P0;
M40 S30;
G4 P0.12;
G0 X-229.544 Y513.500;
G4 P0;
M40 S0;
G4 P0.12;
G1 X-239.665 Y513.500 F5000;
G4 P0;
M40 S30;
G4 P0.12;
G0 X-236.700 Y509.605;
G4 P0;
M40 S0;
G4 P0.12;
G1 X-247.945 Y509.605 F5000;
G4 P0;
M40 S30;
G4 P0.12;
G0 X-246.028 Y505.874;
G4 P0;
M40 S0;
G4 P0.12;
G1 X-243.870 Y503.715 F5000;
G4 P0;
M40 S30;
G4 P0.12;
G0 X-245.076 Y502.255;
G4 P0;
M40 S0;
G4 P0.12;
G1 X-245.076 Y505.816 F5000;
G4 P0;
M40 S30;
G4 P0.12;
G0 X-250.393 Y501.736;
G4 P0;
M40 S0;
G4 P0.12;
G1 X-252.911 Y504.254 F5000;
G4 P0;
M40 S30;
G4 P0.12;
G0 X-268.390 Y513.500;
G4 P0;
M40 S0;
G4 P0.12;
G1 X-270.333 Y513.500 F5000;
G4 P0;
M40 S30;
G4 P0.12;
G0 X-291.376 Y511.951;
G4 P0;
M40 S0;
G4 P0.12;
G1 X-292.060 Y512.635 F5000;
G1 X-292.060 Y511.668 F5000;
G4 P0;
M40 S30;
G4 P0.12;
G0 X-298.115 Y502.147;
G4 P0;
M40 S0;
G4 P0.12;
G1 X-298.115 Y500.092 F5000;
G4 P0;
M40 S30;
G4 P0.12;
G0 X-317.228 Y511.853;
G4 P0;
M40 S0;
G4 P0.12;
G1 X-318.793 Y513.418 F5000;
G4 P0;
M40 S30;
G4 P0.12;
G0 X-323.963 Y505.715;
G4 P0;
M40 S0;
G4 P0.12;
G1 X-324.882 Y505.715 F5000;
G4 P0;
M40 S30;
G4 P0.12;
G0 X-328.396 Y502.264;
G4 P0;
M40 S0;
G4 P0.12;
G1 X-330.696 Y502.264 F5000;
G4 P0;
M40 S30;
G4 P0.12;
G0 X-331.451 Y494.933;
G4 P0;
M40 S0;
G4 P0.12;
G1 X-329.282 Y492.765 F5000;
G4 P0;
M40 S30;
G4 P0.12;
G0 X-332.000 Y486.946;
G4 P0;
M40 S0;
G4 P0.12;
G1 X-340.392 Y486.946 F5000;
G4 P0;
M40 S30;
G4 P0.12;
G0 X-338.146 Y489.050;
G4 P0;
M40 S0;
G4 P0.12;
G1 X-338.146 Y484.451 F5000;
G4 P0;
M40 S30;
G4 P0.12;
G0 X-340.500 Y482.832;
G4 P0;
M40 S0;
G4 P0.12;
G1 X-334.045 Y482.832 F5000;
G4 P0;
M40 S30;
G4 P0.12;
G0 X-331.177 Y486.306;
G4 P0;
M40 S0;
G4 P0.12;
G1 X-335.741 Y490.871 F5000;
G4 P0;
M40 S30;
G4 P0.12;
G0 X-340.397 Y476.202;
G4 P0;
M40 S0;
G4 P0.12;
G1 X-338.448 Y474.253 F5000;
G4 P0;
M40 S30;
G4 P0.12;
G0 X-331.830 Y469.227;
G4 P0;
M40 S0;
G4 P0.12;
G1 X-329.388 Y466.785 F5000;
G4 P0;
M40 S30;
G4 P0.12;
G0 X-328.329 Y464.195;
G4 P0;
M40 S0;
G4 P0.12;
G1 X-327.167 Y464.195 F5000;
G4 P0;
M40 S30;
G4 P0.12;
G0 X-323.152 Y464.195;
G4 P0;
M40 S0;
G4 P0.12;
G1 X-322.233 Y464.195 F5000;
G4 P0;
M40 S30;
G4 P0.12;
G0 X-321.288 Y467.531;
G4 P0;
M40 S0;
G4 P0.12;
G1 X-294.975 Y467.531 F5000;
G4 P0;
M40 S30;
G4 P0.12;
G0 X-294.051 Y464.551;
G4 P0;
M40 S0;
G4 P0.12;
G1 X-304.905 Y475.405 F5000;
G4 P0;
M40 S30;
G4 P0.12;
G0 X-312.191 Y470.861;
G4 P0;
M40 S0;
G4 P0.12;
G1 X-312.191 Y461.651 F5000;
G4 P0;
M40 S30;
G4 P0.12;
G0 X-310.607 Y462.468;
G4 P0;
M40 S0;
G4 P0.12;
G1 X-321.279 Y473.140 F5000;
G4 P0;
M40 S30;
G4 P0.12;
G0 X-331.162 Y463.620;
G4 P0;
M40 S0;
G4 P0.12;
G1 X-332.880 Y465.339 F5000;
G4 P0;
M40 S30;
G4 P0.12;
G0 X-335.409 Y453.225;
G4 P0;
M40 S0;
G4 P0.12;
G1 X-327.428 Y445.245 F5000;
G4 P0;
M40 S30;
G4 P0.12;
G0 X-335.399 Y438.167;
G4 P0;
M40 S0;
G4 P0.12;
G1 X-340.245 Y438.167 F5000;
G4 P0;
M40 S30;
G4 P0.12;
G0 X-300.959 Y438.759;
G4 P0;
M40 S0;
G4 P0.12;
G1 X-291.937 Y438.759 F5000;
G4 P0;
M40 S30;
G4 P0.12;
G0 X-293.001 Y455.646;
G4 P0;
M40 S0;
G4 P0.12;
G1 X-297.491 Y455.646 F5000;
G4 P0;
M40 S30;
G4 P0.12;
G0 X-281.563 Y459.682;
G4 P0;
M40 S0;
G4 P0.12;
G1 X-279.333 Y459.682 F5000;
G4 P0;
M40 S30;
G4 P0.12;
G0 X-261.273 Y445.100;
G4 P0;
M40 S0;
G4 P0.12;
G1 X-255.760 Y439.587 F5000;
G4 P0;
M40 S30;
G4 P0.12;
G0 X-263.142 Y439.681;
G4 P0;
M40 S0;
G4 P0.12;
G1 X-249.687 Y426.226 F5000;
G4 P0;
M40 S30;
G4 P0.12;
G0 X-253.570 Y423.516;
G4 P0;
M40 S0;
G4 P0.12;
G1 X-259.219 Y423.516 F5000;
G4 P0;
M40 S30;
G4 P0.12;
G0 X-254.721 Y418.350;
G4 P0;
M40 S0;
G4 P0.12;
G1 X-251.980 Y418.350 F5000;
G4 P0;
M40 S30;
G4 P0.12;
G0 X-246.417 Y430.243;
G4 P0;
M40 S0;
G4 P0.12;
G1 X-248.192 Y432.019 F5000;
G4 P0;
M40 S30;
G4 P0.12;
G0 X-239.300 Y448.856;
G4 P0;
M40 S0;
G4 P0.12;
G1 X-258.327 Y448.856 F5000;
G4 P0;
M40 S30;
G4 P0.12;
G0 X-247.944 Y464.199;
G4 P0;
M40 S0;
G4 P0.12;
G1 X-247.944 Y483.226 F5000;
G4 P0;
M40 S30;
G4 P0.12;
G0 X-247.476 Y483.036;
G4 P0;
M40 S0;
G4 P0.12;
G1 X-241.678 Y483.036 F5000;
G4 P0;
M40 S30;
G4 P0.12;
G0 X-245.635 Y483.760;
G4 P0;
M40 S0;
G4 P0.12;
G1 X-232.349 Y470.473 F5000;
G4 P0;
M40 S30;
G4 P0.12;
G0 X-227.135 Y472.353;
G4 P0;
M40 S0;
G4 P0.12;
G1 X-227.135 Y475.581 F5000;
G4 P0;
M40 S30;
G4 P0.12;
G0 X-233.497 Y476.884;
G4 P0;
M40 S0;
G4 P0.12;
G1 X-233.497 Y453.099 F5000;
G4 P0;
M40 S30;
G4 P0.12;
G0 X-225.256 Y448.426;
G4 P0;
M40 S0;
G4 P0.12;
G1 X-221.479 Y444.649 F5000;
G4 P0;
M40 S30;
G4 P0.12;
G0 X-227.547 Y442.570;
G4 P0;
M40 S0;
G4 P0.12;
G1 X-228.847 Y442.570 F5000;
G4 P0;
M40 S30;
G4 P0.12;
G0 X-226.904 Y420.831;
G4 P0;
M40 S0;
G4 P0.12;
G1 X-224.462 Y420.831 F5000;
G4 P0;
M40 S30;
G4 P0.12;
G0 X-193.836 Y454.820;
G4 P0;
M40 S0;
G4 P0.12;
G1 X-198.947 Y459.931 F5000;
G4 P0;
M40 S30;
G4 P0.12;
G0 X-196.354 Y473.973;
G4 P0;
M40 S0;
G4 P0.12;
G1 X-196.354 Y477.832 F5000;
G4 P0;
M40 S30;
G4 P0.12;
G0 X-213.593 Y465.925;
G4 P0;
M40 S0;
G4 P0.12;
G1 X-216.644 Y465.925 F5000;
G4 P0;
M40 S30;
G4 P0.12;
G0 X-225.106 Y487.809;
G4 P0;
M40 S0;
G4 P0.12;
G1 X-230.368 Y487.809 F5000;
G4 P0;
M40 S30;
G4 P0.12;
G0 X-256.357 Y476.067;
G4 P0;
M40 S0;
G4 P0.12;
G1 X-257.405 Y477.115 F5000;
G4 P0;
M40 S30;
G4 P0.12;
G0 X-202.100 Y512.635;
G4 P0;
M40 S0;
G4 P0.12;
G1 X-201.667 Y512.202 F5000;
G4 P0;
M40 S30;
G4 P0.12;
G0 X-151.482 Y475.408;
G4 P0;
M40 S0;
G4 P0.12;
G1 X-142.965 Y475.408 F5000;
G4 P0;
M40 S30;
G4 P0.12;
G0 X-145.834 Y472.952;
G4 P0;
M40 S0;
G4 P0.12;
G1 X-148.501 Y475.619 F5000;
G4 P0;
M40 S30;
G4 P0.12;
G0 X-150.140 Y475.118;
G4 P0;
M40 S0;
G4 P0.12;
G1 X-150.140 Y456.063 F5000;
G4 P0;
M40 S30;
G4 P0.12;
G0 X-140.640 Y448.741;
G4 P0;
M40 S0;
G4 P0.12;
G1 X-119.791 Y427.892 F5000;
G1 X-119.725 Y450.403 F5000;
G4 P0;
M40 S30;
G4 P0.12;
G0 X-125.538 Y447.877;
G4 P0;
M40 S0;
G4 P0.12;
G1 X-113.860 Y436.199 F5000;
G4 P0;
M40 S30;
G4 P0.12;
G0 X-108.235 Y442.304;
G4 P0;
M40 S0;
G4 P0.12;
G1 X-101.609 Y435.678 F5000;
G4 P0;
M40 S30;
G4 P0.12;
G0 X-104.691 Y435.878;
G4 P0;
M40 S0;
G4 P0.12;
G1 X-98.363 Y435.878 F5000;
G4 P0;
M40 S30;
G4 P0.12;
G0 X-90.700 Y443.319;
G4 P0;
M40 S0;
G4 P0.12;
G1 X-87.149 Y443.319 F5000;
G4 P0;
M40 S30;
G4 P0.12;
G0 X-91.823 Y446.061;
G4 P0;
M40 S0;
G4 P0.12;
G1 X-91.823 Y447.743 F5000;
G1 X-75.135 Y447.986 F5000;
G4 P0;
M40 S30;
G4 P0.12;
G0 X-91.823 Y448.024;
G4 P0;
M40 S0;
G4 P0.12;
G1 X-91.823 Y451.668 F5000;
G4 P0;
M40 S30;
G4 P0.12;
G0 X-99.165 Y457.446;
G4 P0;
M40 S0;
G4 P0.12;
G1 X-99.165 Y458.927 F5000;
G4 P0;
M40 S30;
G4 P0.12;
G0 X-106.324 Y467.029;
G4 P0;
M40 S0;
G4 P0.12;
G1 X-108.333 Y469.038 F5000;
G4 P0;
M40 S30;
G4 P0.12;
G0 X-109.693 Y468.613;
G4 P0;
M40 S0;
G4 P0.12;
G1 X-121.356 Y468.613 F5000;
G4 P0;
M40 S30;
G4 P0.12;
G0 X-120.565 Y466.864;
G4 P0;
M40 S0;
G4 P0.12;
G1 X-120.565 Y472.546 F5000;
G4 P0;
M40 S30;
G4 P0.12;
G0 X-125.304 Y480.464;
G4 P0;
M40 S0;
G4 P0.12;
G1 X-112.772 Y480.464 F5000;
G1 X-114.740 Y482.477 F5000;
G4 P0;
M40 S30;
G4 P0.12;
G0 X-113.074 Y481.443;
G4 P0;
M40 S0;
G4 P0.12;
G1 X-113.074 Y494.105 F5000;
G4 P0;
M40 S30;
G4 P0.12;
G0 X-112.573 Y480.309;
G4 P0;
M40 S0;
G4 P0.12;
G1 X-112.190 Y479.927 F5000;
G4 P0;
M40 S30;
G4 P0.12;
G0 X-92.946 Y475.501;
G4 P0;
M40 S0;
G4 P0.12;
G1 X-92.946 Y470.442 F5000;
G4 P0;
M40 S30;
G4 P0.12;
G0 X-125.980 Y464.103;
G4 P0;
M40 S0;
G4 P0.12;
G1 X-125.980 Y462.360 F5000;
G4 P0;
M40 S30;
G4 P0.12;
G0 X-120.526 Y443.786;
G4 P0;
M40 S0;
G4 P0.12;
G1 X-148.518 Y443.786 F5000;
G4 P0;
M40 S30;
G4 P0.12;
G0 X-145.865 Y443.781;
G4 P0;
M40 S0;
G4 P0.12;
G1 X-132.669 Y430.585 F5000;
G4 P0;
M40 S30;
G4 P0.12;
G0 X-133.589 Y432.609;
G4 P0;
M40 S0;
G4 P0.12;
G1 X-152.064 Y432.609 F5000;
G4 P0;
M40 S30;
G4 P0.12;
G0 X-146.739 Y428.009;
G4 P0;
M40 S0;
G4 P0.12;
G1 X-146.739 Y439.206 F5000;
G4 P0;
M40 S30;
G4 P0.12;
G0 X-145.027 Y470.013;
G4 P0;
M40 S0;
G4 P0.12;
G1 X-149.337 Y470.013 F5000;
G4 P0;
M40 S30;
G4 P0.12;
G0 X-144.120 Y487.064;
G4 P0;
M40 S0;
G4 P0.12;
G1 X-137.768 Y487.064 F5000;
G4 P0;
M40 S30;
G4 P0.12;
G0 X-132.900 Y486.089;
G4 P0;
M40 S0;
G4 P0.12;
G1 X-132.900 Y488.832 F5000;
G4 P0;
M40 S30;
G4 P0.12;
G0 X-177.953 Y447.760;
G4 P0;
M40 S0;
G4 P0.12;
G1 X-180.349 Y447.760 F5000;
G4 P0;
M40 S30;
G4 P0.12;
G0 X-120.580 Y414.668;
G4 P0;
M40 S0;
G4 P0.12;
G1 X-108.175 Y414.668 F5000;
G4 P0;
M40 S30;
G4 P0.12;
G0 X-105.479 Y415.224;
G4 P0;
M40 S0;
G4 P0.12;
G1 X-105.479 Y423.634 F5000;
G4 P0;
M40 S30;
G4 P0.12;
G0 X-104.643 Y425.450;
G4 P0;
M40 S0;
G4 P0.12;
G1 X-100.877 Y421.684 F5000;
G4 P0;
M40 S30;
G4 P0.12;
G0 X-102.347 Y423.554;
G4 P0;
M40 S0;
G4 P0.12;
G1 X-102.347 Y415.625 F5000;
G4 P0;
M40 S30;
G4 P0.12;
G0 X-95.466 Y415.403;
G4 P0;
M40 S0;
G4 P0.12;
G1 X-93.311 Y413.247 F5000;
G4 P0;
M40 S30;
G4 P0.12;
G0 X-92.242 Y419.400;
G4 P0;
M40 S0;
G4 P0.12;
G1 X-86.724 Y413.882 F5000;
G4 P0;
M40 S30;
G4 P0.12;
G0 X-86.560 Y416.554;
G4 P0;
M40 S0;
G4 P0.12;
G1 X-86.560 Y421.221 F5000;
G4 P0;
M40 S30;
G4 P0.12;
G0 X-89.756 Y421.582;
G4 P0;
M40 S0;
G4 P0.12;
G1 X-72.561 Y421.582 F5000;
G4 P0;
M40 S30;
G4 P0.12;
G0 X-76.172 Y426.135;
G4 P0;
M40 S0;
G4 P0.12;
G1 X-77.472 Y426.135 F5000;
G4 P0;
M40 S30;
G4 P0.12;
G0 X-72.390 Y428.186;
G4 P0;
M40 S0;
G4 P0.12;
G1 X-58.806 Y428.186 F5000;
G4 P0;
M40 S30;
G4 P0.12;
G0 X-62.116 Y426.021;
G4 P0;
M40 S0;
G4 P0.12;
G1 X-64.682 Y428.588 F5000;
G4 P0;
M40 S30;
G4 P0.12;
G0 X-63.821 Y433.587;
G4 P0;
M40 S0;
G4 P0.12;
G1 X-58.233 Y433.587 F5000;
G4 P0;
M40 S30;
G4 P0.12;
G0 X-53.320 Y420.843;
G4 P0;
M40 S0;
G4 P0.12;
G1 X-53.320 Y421.810 F5000;
G1 X-52.636 Y421.126 F5000;
G4 P0;
M40 S30;
G4 P0.12;
G0 X-59.273 Y416.620;
G4 P0;
M40 S0;
G4 P0.12;
G1 X-60.192 Y416.620 F5000;
G4 P0;
M40 S30;
G4 P0.12;
G0 X-76.639 Y415.550;
G4 P0;
M40 S0;
G4 P0.12;
G1 X-82.566 Y421.477 F5000;
G4 P0;
M40 S30;
G4 P0.12;
G0 X-84.027 Y425.702;
G4 P0;
M40 S0;
G4 P0.12;
G1 X-84.460 Y426.135 F5000;
G4 P0;
M40 S30;
G4 P0.12;
G0 X-85.325 Y427.763;
G4 P0;
M40 S0;
G4 P0.12;
G1 X-85.325 Y428.730 F5000;
G1 X-84.641 Y428.046 F5000;
G4 P0;
M40 S30;
G4 P0.12;
G0 X-80.135 Y411.333;
G4 P0;
M40 S0;
G4 P0.12;
G1 X-80.135 Y409.496 F5000;
G4 P0;
M40 S30;
G4 P0.12;
G0 X-76.675 Y398.455;
G4 P0;
M40 S0;
G4 P0.12;
G1 X-76.243 Y398.022 F5000;
G4 P0;
M40 S30;
G4 P0.12;
G0 X-65.010 Y393.410;
G4 P0;
M40 S0;
G4 P0.12;
G1 X-62.451 Y390.851 F5000;
G4 P0;
M40 S30;
G4 P0.12;
G0 X-50.050 Y389.263;
G4 P0;
M40 S0;
G4 P0.12;
G1 X-50.050 Y383.976 F5000;
G4 P0;
M40 S30;
G4 P0.12;
G0 X-53.202 Y381.602;
G4 P0;
M40 S0;
G4 P0.12;
G1 X-51.956 Y380.356 F5000;
G4 P0;
M40 S30;
G4 P0.12;
G0 X-43.046 Y355.959;
G4 P0;
M40 S0;
G4 P0.12;
G1 X-43.046 Y353.844 F5000;
G4 P0;
M40 S30;
G4 P0.12;
G0 X-34.961 Y340.964;
G4 P0;
M40 S0;
G4 P0.12;
G1 X-51.313 Y340.964 F5000;
G4 P0;
M40 S30;
G4 P0.12;
G0 X-10.935 Y379.858;
G4 P0;
M40 S0;
G4 P0.12;
G1 X-10.935 Y381.912 F5000;
G4 P0;
M40 S30;
G4 P0.12;
G0 X-10.502 Y382.020;
G4 P0;
M40 S0;
G4 P0.12;
G1 X-12.557 Y382.020 F5000;
G4 P0;
M40 S30;
G4 P0.12;
G0 X4.635 Y381.983;
G4 P0;
M40 S0;
G4 P0.12;
G1 X4.635 Y368.068 F5000;
G4 P0;
M40 S30;
G4 P0.12;
G0 X-5.312 Y399.320;
G4 P0;
M40 S0;
G4 P0.12;
G1 X-7.367 Y399.320 F5000;
G4 P0;
M40 S30;
G4 P0.12;
G0 X4.635 Y422.076;
G4 P0;
M40 S0;
G4 P0.12;
G1 X4.635 Y424.289 F5000;
G4 P0;
M40 S30;
G4 P0.12;
G0 X-90.065 Y394.150;
G4 P0;
M40 S0;
G4 P0.12;
G1 X-92.297 Y394.150 F5000;
G4 P0;
M40 S30;
G4 P0.12;
G0 X-101.567 Y424.174;
G4 P0;
M40 S0;
G4 P0.12;
G1 X-115.744 Y424.174 F5000;
G4 P0;
M40 S30;
G4 P0.12;
G0 X-195.782 Y41.210;
G4 P0;
M40 S0;
G4 P0.12;
G1 X-199.933 Y41.210 F5000;
G4 P0;
M40 S30;
G4 P0.12;
G0 X-203.375 Y38.089;
G4 P0;
M40 S0;
G4 P0.12;
G1 X-201.945 Y36.660 F5000;
G4 P0;
M40 S30;
G4 P0.12;
G0 X-203.232 Y37.255;
G4 P0;
M40 S0;
G4 P0.12;
G1 X-196.846 Y37.255 F5000;
G4 P0;
M40 S30;
G4 P0.12;
G0 X-198.422 Y33.223;
G4 P0;
M40 S0;
G4 P0.12;
G1 X-194.276 Y33.223 F5000;
G4 P0;
M40 S30;
G4 P0.12;
G0 X-207.551 Y-0.331;
G4 P0;
M40 S0;
G4 P0.12;
G1 X-207.551 Y-1.962 F5000;
G4 P0;
M40 S30;
G4 P0.12;
G0 X-177.015 Y30.830;
G4 P0;
M40 S0;
G4 P0.12;
G1 X-177.015 Y30.830 F5000;
G4 P0;
M40 S30;
G4 P0.12;
G0 X-178.745 Y32.560;
G4 P0;
M40 S0;
G4 P0.12;
G1 X-179.610 Y37.750 F5000;
G1 X-172.690 Y38.615 F5000;
G1 X-170.095 Y40.345 F5000;
G1 X-166.635 Y47.265 F5000;
G1 X-163.175 Y46.400 F5000;
G1 X-156.255 Y49.860 F5000;
G1 X-153.660 Y54.185 F5000;
G1 X-148.470 Y58.510 F5000;
G1 X-148.470 Y62.835 F5000;
G1 X-152.795 Y66.295 F5000;
G1 X-159.715 Y61.105 F5000;
G1 X-159.715 Y58.510 F5000;
G1 X-161.445 Y56.780 F5000;
G1 X-165.770 Y56.780 F5000;
G1 X-164.905 Y59.375 F5000;
G1 X-166.635 Y61.105 F5000;
G1 X-172.690 Y61.105 F5000;
G1 X-175.285 Y58.510 F5000;
G1 X-180.475 Y58.510 F5000;
G1 X-183.070 Y55.915 F5000;
G1 X-188.260 Y55.915 F5000;
G1 X-192.585 Y57.645 F5000;
G1 X-196.910 Y55.915 F5000;
G1 X-196.910 Y71.485 F5000;
G1 X-195.180 Y71.485 F5000;
G1 X-187.395 Y63.700 F5000;
G1 X-183.935 Y65.430 F5000;
G1 X-183.935 Y67.160 F5000;
G1 X-182.205 Y67.160 F5000;
G1 X-181.340 Y64.565 F5000;
G1 X-178.745 Y71.485 F5000;
G1 X-177.880 Y70.620 F5000;
G1 X-168.365 Y76.675 F5000;
G1 X-170.095 Y78.405 F5000;
G1 X-182.205 Y78.405 F5000;
G1 X-200.370 Y84.460 F5000;
G1 X-203.830 Y84.460 F5000;
G1 X-205.560 Y81.000 F5000;
G1 X-208.155 Y81.000 F5000;
G1 X-210.750 Y83.595 F5000;
G1 X-219.400 Y74.945 F5000;
G1 X-220.265 Y69.755 F5000;
G1 X-224.590 Y67.160 F5000;
G1 X-226.320 Y69.755 F5000;
G1 X-228.050 Y69.755 F5000;
G1 X-229.780 Y68.025 F5000;
G1 X-229.780 Y71.485 F5000;
G1 X-227.185 Y70.620 F5000;
G1 X-225.455 Y72.350 F5000;
G1 X-223.725 Y77.540 F5000;
G1 X-220.265 Y77.540 F5000;
G1 X-217.670 Y79.270 F5000;
G1 X-217.670 Y85.325 F5000;
G1 X-223.725 Y94.840 F5000;
G1 X-228.050 Y94.840 F5000;
G1 X-228.050 Y100.030 F5000;
G1 X-226.320 Y102.625 F5000;
G1 X-229.780 Y104.355 F5000;
G1 X-231.510 Y99.165 F5000;
G1 X-233.240 Y104.355 F5000;
G1 X-237.565 Y106.085 F5000;
G1 X-237.565 Y113.005 F5000;
G1 X-239.295 Y114.735 F5000;
G1 X-241.890 Y114.735 F5000;
G1 X-238.430 Y115.600 F5000;
G1 X-238.430 Y119.925 F5000;
G1 X-240.160 Y121.655 F5000;
G1 X-241.890 Y118.195 F5000;
G1 X-243.620 Y122.520 F5000;
G1 X-246.215 Y119.060 F5000;
G1 X-247.945 Y110.410 F5000;
G1 X-247.080 Y103.490 F5000;
G1 X-242.755 Y98.300 F5000;
G1 X-239.295 Y98.300 F5000;
G1 X-236.700 Y96.570 F5000;
G1 X-234.105 Y86.190 F5000;
G1 X-232.375 Y87.055 F5000;
G1 X-228.915 Y83.595 F5000;
G1 X-220.265 Y82.730 F5000;
G1 X-226.320 Y80.135 F5000;
G1 X-234.970 Y80.135 F5000;
G1 X-239.295 Y77.540 F5000;
G1 X-237.565 Y75.810 F5000;
G1 X-238.430 Y70.620 F5000;
G1 X-242.755 Y67.160 F5000;
G1 X-242.755 Y65.430 F5000;
G1 X-236.700 Y64.565 F5000;
G1 X-240.160 Y62.835 F5000;
G1 X-244.485 Y63.700 F5000;
G1 X-247.080 Y71.485 F5000;
G1 X-246.215 Y73.215 F5000;
G1 X-247.945 Y74.945 F5000;
G1 X-252.270 Y68.890 F5000;
G1 X-252.270 Y62.835 F5000;
G1 X-250.540 Y61.105 F5000;
G1 X-253.135 Y61.105 F5000;
G1 X-255.730 Y58.510 F5000;
G1 X-258.325 Y58.510 F5000;
G1 X-260.920 Y53.320 F5000;
G1 X-265.245 Y48.995 F5000;
G1 X-267.840 Y50.725 F5000;
G1 X-267.840 Y52.455 F5000;
G1 X-258.325 Y60.240 F5000;
G1 X-258.325 Y63.700 F5000;
G1 X-252.270 Y68.890 F5000;
G1 X-252.270 Y75.810 F5000;
G1 X-245.350 Y79.270 F5000;
G1 X-244.485 Y87.920 F5000;
G1 X-250.540 Y92.245 F5000;
G1 X-253.135 Y96.570 F5000;
G1 X-249.675 Y100.030 F5000;
G1 X-249.675 Y102.625 F5000;
G1 X-252.270 Y105.220 F5000;
G1 X-250.540 Y108.680 F5000;
G1 X-252.270 Y110.410 F5000;
G1 X-252.270 Y118.195 F5000;
G1 X-255.730 Y119.060 F5000;
G1 X-255.730 Y120.790 F5000;
G1 X-250.540 Y121.655 F5000;
G1 X-245.350 Y126.845 F5000;
G1 X-245.350 Y130.305 F5000;
G1 X-242.755 Y133.765 F5000;
G1 X-242.755 Y136.360 F5000;
G1 X-245.350 Y140.685 F5000;
G1 X-241.890 Y140.685 F5000;
G1 X-241.025 Y143.280 F5000;
G1 X-245.350 Y150.200 F5000;
G1 X-244.485 Y152.795 F5000;
G1 X-236.700 Y160.580 F5000;
G1 X-228.915 Y160.580 F5000;
G1 X-225.455 Y157.120 F5000;
G1 X-221.995 Y157.120 F5000;
G1 X-221.995 Y155.390 F5000;
G1 X-224.590 Y155.390 F5000;
G1 X-227.185 Y152.795 F5000;
G1 X-229.780 Y146.740 F5000;
G1 X-233.240 Y143.280 F5000;
G1 X-235.835 Y144.145 F5000;
G1 X-229.780 Y147.605 F5000;
G1 X-230.645 Y153.660 F5000;
G1 X-234.105 Y156.255 F5000;
G1 X-239.295 Y155.390 F5000;
G1 X-240.160 Y141.550 F5000;
G1 X-238.430 Y138.955 F5000;
G1 X-234.105 Y139.820 F5000;
G1 X-232.375 Y133.765 F5000;
G1 X-239.295 Y131.170 F5000;
G1 X-241.890 Y132.035 F5000;
G1 X-244.485 Y127.710 F5000;
G1 X-244.485 Y124.250 F5000;
G1 X-242.755 Y123.385 F5000;
G1 X-240.160 Y127.710 F5000;
G1 X-237.565 Y125.980 F5000;
G1 X-237.565 Y116.465 F5000;
G1 X-236.700 Y113.005 F5000;
G1 X-233.240 Y109.545 F5000;
G1 X-234.105 Y106.085 F5000;
G1 X-232.375 Y104.355 F5000;
G1 X-230.645 Y126.845 F5000;
G1 X-226.320 Y129.440 F5000;
G1 X-225.455 Y132.900 F5000;
G1 X-220.265 Y134.630 F5000;
G1 X-217.670 Y137.225 F5000;
G1 X-214.210 Y136.360 F5000;
G1 X-211.615 Y139.820 F5000;
G1 X-209.885 Y138.955 F5000;
G1 X-207.290 Y133.765 F5000;
G1 X-205.560 Y135.495 F5000;
G1 X-205.560 Y138.090 F5000;
G1 X-201.235 Y142.415 F5000;
G1 X-207.290 Y147.605 F5000;
G1 X-209.885 Y145.010 F5000;
G1 X-211.615 Y145.875 F5000;
G1 X-214.210 Y144.145 F5000;
G1 X-219.400 Y149.335 F5000;
G1 X-219.400 Y153.660 F5000;
G1 X-212.480 Y153.660 F5000;
G1 X-209.885 Y157.120 F5000;
G1 X-210.750 Y159.715 F5000;
G1 X-214.210 Y162.310 F5000;
G1 X-221.130 Y162.310 F5000;
G1 X-215.940 Y164.905 F5000;
G1 X-216.805 Y166.635 F5000;
G1 X-219.400 Y165.770 F5000;
G1 X-221.130 Y170.095 F5000;
G1 X-228.915 Y170.960 F5000;
G1 X-230.645 Y167.500 F5000;
G1 X-238.430 Y168.365 F5000;
G1 X-241.890 Y170.095 F5000;
G1 X-244.485 Y173.555 F5000;
G1 X-244.485 Y178.745 F5000;
G1 X-247.945 Y183.070 F5000;
G1 X-251.405 Y179.610 F5000;
G1 X-251.405 Y175.285 F5000;
G1 X-256.595 Y170.095 F5000;
G1 X-255.730 Y167.500 F5000;
G1 X-254.865 Y168.365 F5000;
G1 X-253.135 Y166.635 F5000;
G1 X-254.000 Y164.905 F5000;
G1 X-255.730 Y164.905 F5000;
G1 X-265.245 Y171.825 F5000;
G1 X-269.570 Y170.095 F5000;
G1 X-284.275 Y170.095 F5000;
G1 X-284.275 Y183.070 F5000;
G1 X-281.680 Y181.340 F5000;
G1 X-282.545 Y177.880 F5000;
G1 X-279.950 Y173.555 F5000;
G1 X-271.300 Y173.555 F5000;
G1 X-263.515 Y179.610 F5000;
G1 X-258.325 Y180.475 F5000;
G1 X-254.000 Y183.935 F5000;
G1 X-252.270 Y192.585 F5000;
G1 X-254.865 Y195.180 F5000;
G1 X-257.460 Y193.450 F5000;
G1 X-257.460 Y189.990 F5000;
G1 X-263.515 Y191.720 F5000;
G1 X-267.840 Y196.910 F5000;
G1 X-264.380 Y199.505 F5000;
G1 X-264.380 Y202.965 F5000;
G1 X-269.570 Y208.155 F5000;
G1 X-271.300 Y206.425 F5000;
G1 X-271.300 Y201.235 F5000;
G1 X-269.570 Y198.640 F5000;
G1 X-273.895 Y200.370 F5000;
G1 X-283.410 Y206.425 F5000;
G1 X-279.085 Y207.290 F5000;
G1 X-277.355 Y209.020 F5000;
G1 X-281.680 Y215.075 F5000;
G1 X-287.735 Y217.670 F5000;
G1 X-283.410 Y218.535 F5000;
G1 X-271.300 Y215.940 F5000;
G1 X-266.110 Y211.615 F5000;
G1 X-267.840 Y210.750 F5000;
G1 X-267.840 Y209.020 F5000;
G1 X-262.650 Y203.830 F5000;
G1 X-260.055 Y203.830 F5000;
G1 X-255.730 Y210.750 F5000;
G1 X-260.055 Y214.210 F5000;
G1 X-265.245 Y221.995 F5000;
G1 X-274.760 Y223.725 F5000;
G1 X-276.490 Y232.375 F5000;
G1 X-273.030 Y233.240 F5000;
G1 X-270.435 Y231.510 F5000;
G1 X-266.975 Y231.510 F5000;
G1 X-264.380 Y234.105 F5000;
G1 X-263.515 Y238.430 F5000;
G1 X-265.245 Y241.025 F5000;
G1 X-269.570 Y241.890 F5000;
G1 X-272.165 Y244.485 F5000;
G1 X-275.625 Y243.620 F5000;
G1 X-278.220 Y240.160 F5000;
G1 X-280.815 Y241.025 F5000;
G1 X-281.680 Y245.350 F5000;
G1 X-279.085 Y253.135 F5000;
G1 X-279.950 Y255.730 F5000;
G1 X-282.545 Y255.730 F5000;
G1 X-286.870 Y252.270 F5000;
G1 X-286.870 Y247.080 F5000;
G1 X-289.465 Y243.620 F5000;
G1 X-292.060 Y247.080 F5000;
G1 X-292.060 Y249.675 F5000;
G1 X-286.870 Y254.000 F5000;
G1 X-288.600 Y255.730 F5000;
G1 X-301.575 Y251.405 F5000;
G1 X-299.845 Y257.460 F5000;
G1 X-298.115 Y259.190 F5000;
G1 X-294.655 Y257.460 F5000;
G1 X-290.330 Y260.920 F5000;
G1 X-289.465 Y267.840 F5000;
G1 X-292.925 Y269.570 F5000;
G1 X-298.115 Y266.975 F5000;
G1 X-300.710 Y266.975 F5000;
G1 X-297.250 Y271.300 F5000;
G1 X-294.655 Y271.300 F5000;
G1 X-287.735 Y267.840 F5000;
G1 X-285.140 Y271.300 F5000;
G1 X-286.005 Y274.760 F5000;
G1 X-288.600 Y277.355 F5000;
G1 X-292.060 Y276.490 F5000;
G1 X-293.790 Y278.220 F5000;
G1 X-287.735 Y279.085 F5000;
G1 X-285.140 Y281.680 F5000;
G1 X-283.410 Y286.870 F5000;
G1 X-279.950 Y285.140 F5000;
G1 X-274.760 Y286.870 F5000;
G1 X-270.435 Y292.060 F5000;
G1 X-269.570 Y284.275 F5000;
G1 X-266.110 Y285.140 F5000;
G1 X-262.650 Y288.600 F5000;
G1 X-262.650 Y290.330 F5000;
G1 X-266.975 Y293.790 F5000;
G1 X-266.975 Y305.900 F5000;
G1 X-279.950 Y296.385 F5000;
G1 X-286.870 Y293.790 F5000;
G1 X-290.330 Y287.735 F5000;
G1 X-293.790 Y285.140 F5000;
G1 X-294.655 Y287.735 F5000;
G1 X-292.060 Y290.330 F5000;
G1 X-292.925 Y298.115 F5000;
G1 X-291.195 Y298.980 F5000;
G1 X-287.735 Y297.250 F5000;
G1 X-279.085 Y301.575 F5000;
G1 X-276.490 Y301.575 F5000;
G1 X-272.165 Y306.765 F5000;
G1 X-271.300 Y312.820 F5000;
G1 X-266.110 Y314.550 F5000;
G1 X-266.975 Y305.900 F5000;
G1 X-265.245 Y304.170 F5000;
G1 X-262.650 Y309.360 F5000;
G1 X-256.595 Y313.685 F5000;
G1 X-255.730 Y316.280 F5000;
G1 X-256.595 Y318.010 F5000;
G1 X-259.190 Y317.145 F5000;
G1 X-261.785 Y320.605 F5000;
G1 X-266.110 Y319.740 F5000;
G1 X-267.840 Y322.335 F5000;
G1 X-267.840 Y326.660 F5000;
G1 X-270.435 Y330.120 F5000;
G1 X-271.300 Y324.065 F5000;
G1 X-275.625 Y322.335 F5000;
G1 X-280.815 Y322.335 F5000;
G1 X-285.140 Y313.685 F5000;
G1 X-286.005 Y323.200 F5000;
G1 X-284.275 Y325.795 F5000;
G1 X-287.735 Y327.525 F5000;
G1 X-285.140 Y330.120 F5000;
G1 X-282.545 Y330.120 F5000;
G1 X-278.220 Y337.905 F5000;
G1 X-279.085 Y345.690 F5000;
G1 X-273.030 Y347.420 F5000;
G1 X-265.245 Y354.340 F5000;
G1 X-266.110 Y360.395 F5000;
G1 X-262.650 Y363.855 F5000;
G1 X-264.380 Y375.965 F5000;
G1 X-266.110 Y378.560 F5000;
G1 X-268.705 Y376.830 F5000;
G1 X-268.705 Y374.235 F5000;
G1 X-274.760 Y375.100 F5000;
G1 X-279.085 Y377.695 F5000;
G1 X-262.650 Y382.020 F5000;
G1 X-260.055 Y378.560 F5000;
G1 X-262.650 Y371.640 F5000;
G1 X-262.650 Y366.450 F5000;
G1 X-260.920 Y364.720 F5000;
G1 X-256.595 Y374.235 F5000;
G1 X-249.675 Y382.020 F5000;
G1 X-251.405 Y383.750 F5000;
G1 X-250.540 Y384.615 F5000;
G1 X-249.675 Y382.020 F5000;
G1 X-247.945 Y382.020 F5000;
G1 X-244.485 Y385.480 F5000;
G1 X-245.350 Y394.130 F5000;
G1 X-247.945 Y398.455 F5000;
G1 X-253.135 Y402.780 F5000;
G1 X-263.515 Y401.915 F5000;
G1 X-266.110 Y409.700 F5000;
G1 X-263.515 Y411.430 F5000;
G1 X-259.190 Y407.105 F5000;
G1 X-254.865 Y406.240 F5000;
G1 X-252.270 Y407.970 F5000;
G1 X-253.135 Y409.700 F5000;
G1 X-248.810 Y408.835 F5000;
G1 X-243.620 Y410.565 F5000;
G1 X-242.755 Y400.185 F5000;
G1 X-238.430 Y394.130 F5000;
G1 X-231.510 Y398.455 F5000;
G1 X-229.780 Y403.645 F5000;
G1 X-228.915 Y401.915 F5000;
G1 X-233.240 Y394.130 F5000;
G1 X-233.240 Y387.210 F5000;
G1 X-228.915 Y382.020 F5000;
G1 X-226.320 Y382.020 F5000;
G1 X-223.725 Y384.615 F5000;
G1 X-223.725 Y388.940 F5000;
G1 X-219.400 Y387.210 F5000;
G1 X-221.130 Y383.750 F5000;
G1 X-218.535 Y379.425 F5000;
G1 X-212.480 Y385.480 F5000;
G1 X-211.615 Y388.940 F5000;
G1 X-213.345 Y390.670 F5000;
G1 X-215.940 Y390.670 F5000;
G1 X-220.265 Y398.455 F5000;
G1 X-223.725 Y397.590 F5000;
G1 X-225.455 Y407.970 F5000;
G1 X-229.780 Y411.430 F5000;
G1 X-228.050 Y420.080 F5000;
G1 X-229.780 Y421.810 F5000;
G1 X-235.835 Y422.675 F5000;
G1 X-234.105 Y423.540 F5000;
G1 X-228.050 Y421.810 F5000;
G1 X-225.455 Y425.270 F5000;
G1 X-225.455 Y428.730 F5000;
G1 X-221.130 Y427.865 F5000;
G1 X-222.860 Y420.080 F5000;
G1 X-221.130 Y417.485 F5000;
G1 X-223.725 Y414.890 F5000;
G1 X-222.860 Y409.700 F5000;
G1 X-224.590 Y405.375 F5000;
G1 X-221.995 Y402.780 F5000;
G1 X-219.400 Y403.645 F5000;
G1 X-219.400 Y410.565 F5000;
G1 X-210.750 Y410.565 F5000;
G1 X-212.480 Y415.755 F5000;
G1 X-209.885 Y414.890 F5000;
G1 X-208.155 Y412.295 F5000;
G1 X-202.100 Y414.890 F5000;
G1 X-196.910 Y412.295 F5000;
G1 X-194.315 Y415.755 F5000;
G1 X-189.125 Y416.620 F5000;
G1 X-187.395 Y418.350 F5000;
G1 X-184.800 Y418.350 F5000;
G1 X-184.800 Y414.890 F5000;
G1 X-189.990 Y410.565 F5000;
G1 X-189.990 Y407.970 F5000;
G1 X-186.530 Y404.510 F5000;
G1 X-184.800 Y405.375 F5000;
G1 X-181.340 Y403.645 F5000;
G1 X-177.880 Y407.105 F5000;
G1 X-179.610 Y408.835 F5000;
G1 X-179.610 Y413.160 F5000;
G1 X-177.880 Y415.755 F5000;
G1 X-176.150 Y408.835 F5000;
G1 X-170.095 Y408.835 F5000;
G1 X-165.770 Y405.375 F5000;
G1 X-160.580 Y406.240 F5000;
G1 X-158.850 Y402.780 F5000;
G1 X-150.200 Y402.780 F5000;
G1 X-146.740 Y400.185 F5000;
G1 X-140.685 Y403.645 F5000;
G1 X-131.170 Y404.510 F5000;
G1 X-131.170 Y401.050 F5000;
G1 X-125.115 Y399.320 F5000;
G1 X-120.790 Y395.860 F5000;
G1 X-108.680 Y395.860 F5000;
G1 X-102.625 Y390.670 F5000;
G1 X-100.030 Y391.535 F5000;
G1 X-98.300 Y400.185 F5000;
G1 X-94.840 Y404.510 F5000;
G1 X-98.300 Y395.860 F5000;
G1 X-98.300 Y391.535 F5000;
G1 X-95.705 Y388.940 F5000;
G1 X-93.110 Y390.670 F5000;
G1 X-93.110 Y396.725 F5000;
G1 X-85.325 Y394.130 F5000;
G1 X-81.865 Y391.535 F5000;
G1 X-83.595 Y388.075 F5000;
G1 X-86.190 Y389.805 F5000;
G1 X-87.920 Y388.075 F5000;
G1 X-84.460 Y385.480 F5000;
G1 X-84.460 Y382.020 F5000;
G1 X-89.650 Y382.020 F5000;
G1 X-90.515 Y380.290 F5000;
G1 X-87.920 Y377.695 F5000;
G1 X-85.325 Y377.695 F5000;
G1 X-87.055 Y374.235 F5000;
G1 X-83.595 Y369.910 F5000;
G1 X-83.595 Y367.315 F5000;
G1 X-77.540 Y360.395 F5000;
G1 X-87.055 Y362.990 F5000;
G1 X-87.920 Y354.340 F5000;
G1 X-85.325 Y352.610 F5000;
G1 X-76.675 Y354.340 F5000;
G1 X-74.945 Y353.475 F5000;
G1 X-73.215 Y349.150 F5000;
G1 X-75.810 Y345.690 F5000;
G1 X-74.945 Y340.500 F5000;
G1 X-69.755 Y332.715 F5000;
G1 X-71.485 Y329.255 F5000;
G1 X-68.025 Y327.525 F5000;
G1 X-68.025 Y324.930 F5000;
G1 X-70.620 Y322.335 F5000;
G1 X-68.890 Y320.605 F5000;
G1 X-64.565 Y321.470 F5000;
G1 X-61.970 Y325.795 F5000;
G1 X-61.970 Y329.255 F5000;
G1 X-63.700 Y330.120 F5000;
G1 X-56.780 Y333.580 F5000;
G1 X-55.915 Y331.850 F5000;
G1 X-58.510 Y328.390 F5000;
G1 X-58.510 Y324.930 F5000;
G1 X-56.780 Y323.200 F5000;
G1 X-47.265 Y326.660 F5000;
G1 X-44.670 Y325.795 F5000;
G1 X-44.670 Y322.335 F5000;
G1 X-50.725 Y318.010 F5000;
G1 X-56.780 Y318.010 F5000;
G1 X-60.240 Y322.335 F5000;
G1 X-65.430 Y317.145 F5000;
G1 X-65.430 Y314.550 F5000;
G1 X-62.835 Y313.685 F5000;
G1 X-61.105 Y315.415 F5000;
G1 X-61.105 Y318.010 F5000;
G1 X-58.510 Y315.415 F5000;
G1 X-48.130 Y313.685 F5000;
G1 X-42.940 Y311.090 F5000;
G1 X-39.480 Y316.280 F5000;
G1 X-41.210 Y318.010 F5000;
G1 X-43.805 Y317.145 F5000;
G1 X-43.805 Y318.875 F5000;
G1 X-42.075 Y320.605 F5000;
G1 X-39.480 Y320.605 F5000;
G1 X-36.020 Y324.930 F5000;
G1 X-33.425 Y320.605 F5000;
G1 X-29.965 Y321.470 F5000;
G1 X-29.100 Y318.875 F5000;
G1 X-26.505 Y319.740 F5000;
G1 X-23.910 Y316.280 F5000;
G1 X-24.775 Y311.955 F5000;
G1 X-29.100 Y316.280 F5000;
G1 X-38.615 Y313.685 F5000;
G1 X-43.805 Y310.225 F5000;
G1 X-43.805 Y306.765 F5000;
G1 X-48.995 Y308.495 F5000;
G1 X-54.185 Y305.035 F5000;
G1 X-55.050 Y301.575 F5000;
G1 X-56.780 Y300.710 F5000;
G1 X-59.375 Y302.440 F5000;
G1 X-59.375 Y305.900 F5000;
G1 X-61.970 Y308.495 F5000;
G1 X-64.565 Y305.900 F5000;
G1 X-64.565 Y302.440 F5000;
G1 X-59.375 Y299.845 F5000;
G1 X-59.375 Y292.060 F5000;
G1 X-56.780 Y286.870 F5000;
G1 X-54.185 Y285.140 F5000;
G1 X-50.725 Y286.870 F5000;
G1 X-47.265 Y281.680 F5000;
G1 X-47.265 Y277.355 F5000;
G1 X-44.670 Y274.760 F5000;
G1 X-40.345 Y274.760 F5000;
G1 X-44.670 Y271.300 F5000;
G1 X-44.670 Y253.135 F5000;
G1 X-47.265 Y250.540 F5000;
G1 X-47.265 Y248.810 F5000;
G1 X-40.345 Y245.350 F5000;
G1 X-40.345 Y241.890 F5000;
G1 X-38.615 Y240.160 F5000;
G1 X-42.940 Y242.755 F5000;
G1 X-45.535 Y241.890 F5000;
G1 X-48.130 Y243.620 F5000;
G1 X-55.915 Y243.620 F5000;
G1 X-59.375 Y241.890 F5000;
G1 X-61.970 Y238.430 F5000;
G1 X-65.430 Y237.565 F5000;
G1 X-67.160 Y234.105 F5000;
G1 X-65.430 Y232.375 F5000;
G1 X-61.970 Y233.240 F5000;
G1 X-62.835 Y228.915 F5000;
G1 X-61.105 Y227.185 F5000;
G1 X-57.645 Y231.510 F5000;
G1 X-58.510 Y235.835 F5000;
G1 X-55.915 Y237.565 F5000;
G1 X-50.725 Y237.565 F5000;
G1 X-49.860 Y235.835 F5000;
G1 X-41.210 Y234.970 F5000;
G1 X-36.885 Y232.375 F5000;
G1 X-36.020 Y228.915 F5000;
G1 X-39.480 Y230.645 F5000;
G1 X-47.265 Y230.645 F5000;
G1 X-49.860 Y228.915 F5000;
G1 X-52.455 Y232.375 F5000;
G1 X-54.185 Y228.915 F5000;
G1 X-54.185 Y224.590 F5000;
G1 X-51.590 Y214.210 F5000;
G1 X-49.860 Y212.480 F5000;
G1 X-46.400 Y213.345 F5000;
G1 X-46.400 Y210.750 F5000;
G1 X-48.995 Y208.155 F5000;
G1 X-47.265 Y203.830 F5000;
G1 X-49.860 Y201.235 F5000;
G1 X-48.130 Y199.505 F5000;
G1 X-45.535 Y200.370 F5000;
G1 X-42.940 Y194.315 F5000;
G1 X-35.155 Y191.720 F5000;
G1 X-43.805 Y191.720 F5000;
G1 X-48.130 Y194.315 F5000;
G1 X-54.185 Y192.585 F5000;
G1 X-56.780 Y195.180 F5000;
G1 X-60.240 Y189.125 F5000;
G1 X-55.915 Y189.125 F5000;
G1 X-55.050 Y186.530 F5000;
G1 X-67.160 Y173.555 F5000;
G1 X-69.755 Y167.500 F5000;
G1 X-73.215 Y169.230 F5000;
G1 X-80.135 Y165.770 F5000;
G1 X-82.730 Y168.365 F5000;
G1 X-82.730 Y170.095 F5000;
G1 X-79.270 Y173.555 F5000;
G1 X-70.620 Y173.555 F5000;
G1 X-63.700 Y178.745 F5000;
G1 X-64.565 Y182.205 F5000;
G1 X-69.755 Y180.475 F5000;
G1 X-75.810 Y180.475 F5000;
G1 X-81.000 Y177.015 F5000;
G1 X-82.730 Y177.880 F5000;
G1 X-88.785 Y173.555 F5000;
G1 X-88.785 Y164.905 F5000;
G1 X-92.245 Y164.905 F5000;
G1 X-95.705 Y167.500 F5000;
G1 X-98.300 Y164.905 F5000;
G1 X-96.570 Y163.175 F5000;
G1 X-97.435 Y154.525 F5000;
G1 X-94.840 Y154.525 F5000;
G1 X-94.840 Y158.850 F5000;
G1 X-90.515 Y161.445 F5000;
G1 X-86.190 Y158.850 F5000;
G1 X-78.405 Y158.850 F5000;
G1 X-74.080 Y162.310 F5000;
G1 X-71.485 Y162.310 F5000;
G1 X-70.620 Y157.120 F5000;
G1 X-76.675 Y157.120 F5000;
G1 X-74.945 Y151.065 F5000;
G1 X-80.135 Y156.255 F5000;
G1 X-88.785 Y152.795 F5000;
G1 X-90.515 Y153.660 F5000;
G1 X-93.110 Y151.065 F5000;
G1 X-93.975 Y147.605 F5000;
G1 X-92.245 Y145.010 F5000;
G1 X-89.650 Y147.605 F5000;
G1 X-87.055 Y146.740 F5000;
G1 X-87.055 Y143.280 F5000;
G1 X-98.300 Y141.550 F5000;
G1 X-100.895 Y138.090 F5000;
G1 X-99.165 Y132.900 F5000;
G1 X-106.085 Y133.765 F5000;
G1 X-105.220 Y136.360 F5000;
G1 X-110.410 Y142.415 F5000;
G1 X-115.600 Y137.225 F5000;
G1 X-115.600 Y134.630 F5000;
G1 X-110.410 Y130.305 F5000;
G1 X-108.680 Y126.845 F5000;
G1 X-101.760 Y124.250 F5000;
G1 X-102.625 Y120.790 F5000;
G1 X-100.895 Y119.060 F5000;
G1 X-98.300 Y109.545 F5000;
G1 X-96.570 Y112.140 F5000;
G1 X-93.110 Y110.410 F5000;
G1 X-88.785 Y111.275 F5000;
G1 X-86.190 Y109.545 F5000;
G1 X-93.110 Y109.545 F5000;
G1 X-96.570 Y106.085 F5000;
G1 X-92.245 Y100.030 F5000;
G1 X-85.325 Y93.975 F5000;
G1 X-86.190 Y91.380 F5000;
G1 X-84.460 Y87.920 F5000;
G1 X-87.920 Y84.460 F5000;
G1 X-88.785 Y81.000 F5000;
G1 X-87.920 Y80.135 F5000;
G1 X-84.460 Y81.865 F5000;
G1 X-80.135 Y81.865 F5000;
G1 X-78.405 Y80.135 F5000;
G1 X-81.865 Y81.000 F5000;
G1 X-83.595 Y79.270 F5000;
G1 X-83.595 Y74.080 F5000;
G1 X-87.920 Y78.405 F5000;
G1 X-89.650 Y78.405 F5000;
G1 X-91.380 Y75.810 F5000;
G1 X-92.245 Y82.730 F5000;
G1 X-94.840 Y87.055 F5000;
G1 X-97.435 Y87.055 F5000;
G1 X-99.165 Y85.325 F5000;
G1 X-100.895 Y80.135 F5000;
G1 X-100.030 Y88.785 F5000;
G1 X-101.760 Y89.650 F5000;
G1 X-109.545 Y84.460 F5000;
G1 X-114.735 Y83.595 F5000;
G1 X-117.330 Y80.135 F5000;
G1 X-118.195 Y75.810 F5000;
G1 X-119.925 Y74.945 F5000;
G1 X-121.655 Y81.000 F5000;
G1 X-124.250 Y83.595 F5000;
G1 X-130.305 Y85.325 F5000;
G1 X-130.305 Y92.245 F5000;
G1 X-132.035 Y96.570 F5000;
G1 X-136.360 Y100.030 F5000;
G1 X-137.225 Y98.300 F5000;
G1 X-147.605 Y97.435 F5000;
G1 X-148.470 Y100.030 F5000;
G1 X-151.065 Y97.435 F5000;
G1 X-151.065 Y95.705 F5000;
G1 X-145.875 Y89.650 F5000;
G1 X-140.685 Y89.650 F5000;
G1 X-139.820 Y85.325 F5000;
G1 X-144.145 Y82.730 F5000;
G1 X-141.550 Y80.135 F5000;
G1 X-143.280 Y78.405 F5000;
G1 X-146.740 Y78.405 F5000;
G1 X-150.200 Y74.945 F5000;
G1 X-151.065 Y70.620 F5000;
G1 X-149.335 Y67.160 F5000;
G1 X-146.740 Y65.430 F5000;
G1 X-145.010 Y67.160 F5000;
G1 X-144.145 Y73.215 F5000;
G1 X-143.280 Y68.890 F5000;
G1 X-136.360 Y63.700 F5000;
G1 X-136.360 Y61.970 F5000;
G1 X-134.630 Y61.105 F5000;
G1 X-136.360 Y54.185 F5000;
G1 X-135.495 Y51.590 F5000;
G1 X-138.090 Y43.805 F5000;
G1 X-139.820 Y42.940 F5000;
G1 X-141.550 Y50.725 F5000;
G1 X-139.820 Y53.320 F5000;
G1 X-139.820 Y58.510 F5000;
G1 X-141.550 Y60.240 F5000;
G1 X-146.740 Y60.240 F5000;
G1 X-149.335 Y57.645 F5000;
G1 X-150.200 Y54.185 F5000;
G1 X-158.850 Y45.535 F5000;
G1 X-160.580 Y40.345 F5000;
G1 X-159.715 Y36.020 F5000;
G1 X-153.660 Y39.480 F5000;
G1 X-151.930 Y36.020 F5000;
G1 X-155.390 Y35.155 F5000;
G1 X-156.255 Y29.100 F5000;
G1 X-159.715 Y28.235 F5000;
G1 X-164.040 Y22.180 F5000;
G1 X-168.365 Y22.180 F5000;
G1 X-167.500 Y30.830 F5000;
G1 X-168.365 Y35.155 F5000;
G1 X-170.095 Y36.885 F5000;
G1 X-174.420 Y31.695 F5000;
G1 X-175.285 Y36.020 F5000;
G1 X-177.015 Y36.885 F5000;
G1 X-178.745 Y32.560 F5000;
G4 P0;
M40 S30;
G4 P0.12;
G1 X-340.500 Y-5.500 F5000;